,raceId,year,round,circuitId,name,date,time_x,fp1_date,fp1_time,fp2_date,fp2_time,fp3_date,fp3_time,quali_date,quali_time,sprint_date,sprint_time,driverId,stop,lap,time_y,duration,milliseconds_x,driverRef,code,forename,surname,dob,nationality,resultId,constructorId,number,grid,position,positionText,positionOrder,points,laps,time,milliseconds_y,fastestLap,rank,fastestLapTime,fastestLapSpeed,statusId,stop_total
0,1121,2024,1,3,Bahrain Grand Prix,2024-03-02,15:00:00,2024-02-29,11:30:00,2024-02-29,15:00:00,2024-03-01,12:30:00,2024-03-01,16:00:00,\N,\N,4,1,15,18:28:24,24.786,24786,alonso,ALO,Fernando,Alonso,1981-07-29,Spanish,26294,117,14,6,9,9,9,2.0,57,+1:14.887,5579629,48,3,1:34.199,206.830,1,2
1,1121,2024,1,3,Bahrain Grand Prix,2024-03-02,15:00:00,2024-02-29,11:30:00,2024-02-29,15:00:00,2024-03-01,12:30:00,2024-03-01,16:00:00,\N,\N,4,2,41,19:10:58,25.109,25109,alonso,ALO,Fernando,Alonso,1981-07-29,Spanish,26294,117,14,6,9,9,9,2.0,57,+1:14.887,5579629,48,3,1:34.199,206.830,1,2
2,1122,2024,2,77,Saudi Arabian Grand Prix,2024-03-09,17:00:00,2024-03-07,13:30:00,2024-03-07,17:00:00,2024-03-08,13:30:00,2024-03-08,17:00:00,\N,\N,4,1,7,20:15:37,22.129,22129,alonso,ALO,Fernando,Alonso,1981-07-29,Spanish,26310,117,14,4,5,5,5,10.0,50,+35.759,4879032,43,13,1:32.387,240.579,1,1
3,1123,2024,3,1,Australian Grand Prix,2024-03-24,04:00:00,2024-03-22,01:30:00,2024-03-22,05:00:00,2024-03-23,01:30:00,2024-03-23,05:00:00,\N,\N,4,1,17,15:27:06,18.160,18160,alonso,ALO,Fernando,Alonso,1981-07-29,Spanish,26333,117,14,10,8,8,8,4.0,58,+1:40.992,4927835,52,7,1:20.493,236.055,1,2
4,1123,2024,3,1,Australian Grand Prix,2024-03-24,04:00:00,2024-03-22,01:30:00,2024-03-22,05:00:00,2024-03-23,01:30:00,2024-03-23,05:00:00,\N,\N,4,2,41,16:00:37,17.995,17995,alonso,ALO,Fernando,Alonso,1981-07-29,Spanish,26333,117,14,10,8,8,8,4.0,58,+1:40.992,4927835,52,7,1:20.493,236.055,1,2
5,1124,2024,4,22,Japanese Grand Prix,2024-04-07,05:00:00,2024-04-05,02:30:00,2024-04-05,06:00:00,2024-04-06,02:30:00,2024-04-06,06:00:00,\N,\N,4,1,1,14:06:00,26:20.924,1580924,alonso,ALO,Fernando,Alonso,1981-07-29,Spanish,26350,117,14,5,6,6,6,8.0,53,+44.272,6907838,53,6,1:34.726,220.691,1,3
6,1124,2024,4,22,Japanese Grand Prix,2024-04-07,05:00:00,2024-04-05,02:30:00,2024-04-05,06:00:00,2024-04-06,02:30:00,2024-04-06,06:00:00,\N,\N,4,2,13,14:53:43,22.998,22998,alonso,ALO,Fernando,Alonso,1981-07-29,Spanish,26350,117,14,5,6,6,6,8.0,53,+44.272,6907838,53,6,1:34.726,220.691,1,3
7,1124,2024,4,22,Japanese Grand Prix,2024-04-07,05:00:00,2024-04-05,02:30:00,2024-04-05,06:00:00,2024-04-06,02:30:00,2024-04-06,06:00:00,\N,\N,4,3,33,15:26:33,23.157,23157,alonso,ALO,Fernando,Alonso,1981-07-29,Spanish,26350,117,14,5,6,6,6,8.0,53,+44.272,6907838,53,6,1:34.726,220.691,1,3
8,1125,2024,5,17,Chinese Grand Prix,2024-04-21,07:00:00,2024-04-19,03:30:00,2024-04-19,07:30:00,\N,\N,2024-04-20,07:00:00,2024-04-20,03:00:00,4,1,11,15:22:28,23.049,23049,alonso,ALO,Fernando,Alonso,1981-07-29,Spanish,26371,117,14,3,7,7,7,7.0,56,+43.414,6095968,45,1,1:37.810,200.629,1,3
9,1125,2024,5,17,Chinese Grand Prix,2024-04-21,07:00:00,2024-04-19,03:30:00,2024-04-19,07:30:00,\N,\N,2024-04-20,07:00:00,2024-04-20,03:00:00,4,2,23,15:44:21,22.687,22687,alonso,ALO,Fernando,Alonso,1981-07-29,Spanish,26371,117,14,3,7,7,7,7.0,56,+43.414,6095968,45,1,1:37.810,200.629,1,3
10,1125,2024,5,17,Chinese Grand Prix,2024-04-21,07:00:00,2024-04-19,03:30:00,2024-04-19,07:30:00,\N,\N,2024-04-20,07:00:00,2024-04-20,03:00:00,4,3,43,16:23:18,23.179,23179,alonso,ALO,Fernando,Alonso,1981-07-29,Spanish,26371,117,14,3,7,7,7,7.0,56,+43.414,6095968,45,1,1:37.810,200.629,1,3
11,1126,2024,6,79,Miami Grand Prix,2024-05-05,20:00:00,2024-05-03,16:30:00,2024-05-03,20:30:00,\N,\N,2024-05-04,20:00:00,2024-05-04,16:00:00,4,1,22,16:38:11,22.374,22374,alonso,ALO,Fernando,Alonso,1981-07-29,Spanish,26393,117,14,15,9,9,9,2.0,57,+37.107,5486983,55,11,1:31.727,212.404,1,1
12,1127,2024,7,21,Emilia Romagna Grand Prix,2024-05-19,13:00:00,2024-05-17,11:30:00,2024-05-17,15:00:00,2024-05-18,10:30:00,2024-05-18,14:00:00,\N,\N,4,1,7,15:13:08,31.368,31368,alonso,ALO,Fernando,Alonso,1981-07-29,Spanish,26423,117,14,20,19,19,19,0.0,62,\N,\N,62,2,1:19.004,223.689,11,3
13,1127,2024,7,21,Emilia Romagna Grand Prix,2024-05-19,13:00:00,2024-05-17,11:30:00,2024-05-17,15:00:00,2024-05-18,10:30:00,2024-05-18,14:00:00,\N,\N,4,2,40,15:59:03,30.483,30483,alonso,ALO,Fernando,Alonso,1981-07-29,Spanish,26423,117,14,20,19,19,19,0.0,62,\N,\N,62,2,1:19.004,223.689,11,3
14,1127,2024,7,21,Emilia Romagna Grand Prix,2024-05-19,13:00:00,2024-05-17,11:30:00,2024-05-17,15:00:00,2024-05-18,10:30:00,2024-05-18,14:00:00,\N,\N,4,3,59,16:25:23,29.931,29931,alonso,ALO,Fernando,Alonso,1981-07-29,Spanish,26423,117,14,20,19,19,19,0.0,62,\N,\N,62,2,1:19.004,223.689,11,3
15,1128,2024,8,6,Monaco Grand Prix,2024-05-26,13:00:00,2024-05-24,11:30:00,2024-05-24,15:00:00,2024-05-25,10:30:00,2024-05-25,14:00:00,\N,\N,4,1,1,15:05:15,39:49.467,2389467,alonso,ALO,Fernando,Alonso,1981-07-29,Spanish,26435,117,14,14,11,11,11,0.0,76,\N,\N,\N,0,\N,\N,12,1
16,1129,2024,9,7,Canadian Grand Prix,2024-06-09,18:00:00,2024-06-07,17:30:00,2024-06-07,21:00:00,2024-06-08,16:30:00,2024-06-08,20:00:00,\N,\N,4,1,25,14:41:12,25.788,25788,alonso,ALO,Fernando,Alonso,1981-07-29,Spanish,26450,117,14,6,6,6,6,8.0,70,+17.510,6365437,70,6,1:16.303,205.753,1,2
17,1129,2024,9,7,Canadian Grand Prix,2024-06-09,18:00:00,2024-06-07,17:30:00,2024-06-07,21:00:00,2024-06-08,16:30:00,2024-06-08,20:00:00,\N,\N,4,2,44,15:11:23,24.346,24346,alonso,ALO,Fernando,Alonso,1981-07-29,Spanish,26450,117,14,6,6,6,6,8.0,70,+17.510,6365437,70,6,1:16.303,205.753,1,2
18,1121,2024,1,3,Bahrain Grand Prix,2024-03-02,15:00:00,2024-02-29,11:30:00,2024-02-29,15:00:00,2024-03-01,12:30:00,2024-03-01,16:00:00,\N,\N,1,1,12,18:23:26,25.087,25087,hamilton,HAM,Lewis,Hamilton,1985-01-07,British,26292,131,44,9,7,7,7,6.0,57,+50.324,5555066,39,7,1:34.722,205.688,1,2
19,1121,2024,1,3,Bahrain Grand Prix,2024-03-02,15:00:00,2024-02-29,11:30:00,2024-02-29,15:00:00,2024-03-01,12:30:00,2024-03-01,16:00:00,\N,\N,1,2,33,18:57:45,24.094,24094,hamilton,HAM,Lewis,Hamilton,1985-01-07,British,26292,131,44,9,7,7,7,6.0,57,+50.324,5555066,39,7,1:34.722,205.688,1,2
20,1122,2024,2,77,Saudi Arabian Grand Prix,2024-03-09,17:00:00,2024-03-07,13:30:00,2024-03-07,17:00:00,2024-03-08,13:30:00,2024-03-08,17:00:00,\N,\N,1,1,36,21:03:38,20.170,20170,hamilton,HAM,Lewis,Hamilton,1985-01-07,British,26314,131,44,8,9,9,9,2.0,50,+47.391,4890664,38,2,1:31.746,242.260,1,1
21,1123,2024,3,1,Australian Grand Prix,2024-03-24,04:00:00,2024-03-22,01:30:00,2024-03-22,05:00:00,2024-03-23,01:30:00,2024-03-23,05:00:00,\N,\N,1,1,7,15:13:04,17.596,17596,hamilton,HAM,Lewis,Hamilton,1985-01-07,British,26343,131,44,11,\N,R,18,0.0,15,\N,\N,11,18,1:22.444,230.469,5,1
22,1124,2024,4,22,Japanese Grand Prix,2024-04-07,05:00:00,2024-04-05,02:30:00,2024-04-05,06:00:00,2024-04-06,02:30:00,2024-04-06,06:00:00,\N,\N,1,1,1,14:06:12,26:20.696,1580696,hamilton,HAM,Lewis,Hamilton,1985-01-07,British,26353,131,44,7,9,9,9,2.0,53,+48.626,6912192,41,4,1:33.952,222.509,1,3
23,1124,2024,4,22,Japanese Grand Prix,2024-04-07,05:00:00,2024-04-05,02:30:00,2024-04-05,06:00:00,2024-04-06,02:30:00,2024-04-06,06:00:00,\N,\N,1,2,23,15:10:21,23.333,23333,hamilton,HAM,Lewis,Hamilton,1985-01-07,British,26353,131,44,7,9,9,9,2.0,53,+48.626,6912192,41,4,1:33.952,222.509,1,3
24,1124,2024,4,22,Japanese Grand Prix,2024-04-07,05:00:00,2024-04-05,02:30:00,2024-04-05,06:00:00,2024-04-06,02:30:00,2024-04-06,06:00:00,\N,\N,1,3,39,15:36:25,23.956,23956,hamilton,HAM,Lewis,Hamilton,1985-01-07,British,26353,131,44,7,9,9,9,2.0,53,+48.626,6912192,41,4,1:33.952,222.509,1,3
25,1125,2024,5,17,Chinese Grand Prix,2024-04-21,07:00:00,2024-04-19,03:30:00,2024-04-19,07:30:00,\N,\N,2024-04-20,07:00:00,2024-04-20,03:00:00,1,1,9,15:19:19,22.518,22518,hamilton,HAM,Lewis,Hamilton,1985-01-07,British,26373,131,44,18,9,9,9,2.0,56,+57.986,6110540,34,14,1:40.835,194.610,1,2
26,1125,2024,5,17,Chinese Grand Prix,2024-04-21,07:00:00,2024-04-19,03:30:00,2024-04-19,07:30:00,\N,\N,2024-04-20,07:00:00,2024-04-20,03:00:00,1,2,21,15:40:23,22.662,22662,hamilton,HAM,Lewis,Hamilton,1985-01-07,British,26373,131,44,18,9,9,9,2.0,56,+57.986,6110540,34,14,1:40.835,194.610,1,2
27,1126,2024,6,79,Miami Grand Prix,2024-05-05,20:00:00,2024-05-03,16:30:00,2024-05-03,20:30:00,\N,\N,2024-05-04,20:00:00,2024-05-04,16:00:00,1,1,26,16:44:23,22.107,22107,hamilton,HAM,Lewis,Hamilton,1985-01-07,British,26390,131,44,8,6,6,6,8.0,57,+16.585,5466461,54,7,1:31.233,213.554,1,1
28,1127,2024,7,21,Emilia Romagna Grand Prix,2024-05-19,13:00:00,2024-05-17,11:30:00,2024-05-17,15:00:00,2024-05-18,10:30:00,2024-05-18,14:00:00,\N,\N,1,1,27,15:40:14,29.547,29547,hamilton,HAM,Lewis,Hamilton,1985-01-07,British,26410,131,44,8,6,6,6,8.0,63,+35.104,5160356,43,8,1:20.331,219.994,1,1
29,1128,2024,8,6,Monaco Grand Prix,2024-05-26,13:00:00,2024-05-24,11:30:00,2024-05-24,15:00:00,2024-05-25,10:30:00,2024-05-25,14:00:00,\N,\N,1,1,1,15:05:00,39:35.369,2375369,hamilton,HAM,Lewis,Hamilton,1985-01-07,British,26431,131,44,7,7,7,7,7.0,78,+14.908,8610462,\N,0,\N,\N,1,51
30,1128,2024,8,6,Monaco Grand Prix,2024-05-26,13:00:00,2024-05-24,11:30:00,2024-05-24,15:00:00,2024-05-25,10:30:00,2024-05-25,14:00:00,\N,\N,1,51,2,16:52:10,24.232,24232,hamilton,HAM,Lewis,Hamilton,1985-01-07,British,26431,131,44,7,7,7,7,7.0,78,+14.908,8610462,\N,0,\N,\N,1,51
31,1129,2024,9,7,Canadian Grand Prix,2024-06-09,18:00:00,2024-06-07,17:30:00,2024-06-07,21:00:00,2024-06-08,16:30:00,2024-06-08,20:00:00,\N,\N,1,1,25,14:41:13,23.762,23762,hamilton,HAM,Lewis,Hamilton,1985-01-07,British,26448,131,44,7,4,4,4,13.0,70,+4.915,6352842,70,1,1:14.856,209.730,1,3
32,1129,2024,9,7,Canadian Grand Prix,2024-06-09,18:00:00,2024-06-07,17:30:00,2024-06-07,21:00:00,2024-06-08,16:30:00,2024-06-08,20:00:00,\N,\N,1,2,43,15:09:46,24.226,24226,hamilton,HAM,Lewis,Hamilton,1985-01-07,British,26448,131,44,7,4,4,4,13.0,70,+4.915,6352842,70,1,1:14.856,209.730,1,3
33,1129,2024,9,7,Canadian Grand Prix,2024-06-09,18:00:00,2024-06-07,17:30:00,2024-06-07,21:00:00,2024-06-08,16:30:00,2024-06-08,20:00:00,\N,\N,1,3,54,15:25:24,28.817,28817,hamilton,HAM,Lewis,Hamilton,1985-01-07,British,26448,131,44,7,4,4,4,13.0,70,+4.915,6352842,70,1,1:14.856,209.730,1,3
34,1121,2024,1,3,Bahrain Grand Prix,2024-03-02,15:00:00,2024-02-29,11:30:00,2024-02-29,15:00:00,2024-03-01,12:30:00,2024-03-01,16:00:00,\N,\N,815,1,12,18:23:16,24.516,24516,perez,PER,Sergio,Pérez,1990-01-26,Mexican,26287,9,11,5,2,2,2,18.0,57,+22.457,5527199,40,4,1:34.364,206.468,1,2
35,1121,2024,1,3,Bahrain Grand Prix,2024-03-02,15:00:00,2024-02-29,11:30:00,2024-02-29,15:00:00,2024-03-01,12:30:00,2024-03-01,16:00:00,\N,\N,815,2,36,19:02:12,24.563,24563,perez,PER,Sergio,Pérez,1990-01-26,Mexican,26287,9,11,5,2,2,2,18.0,57,+22.457,5527199,40,4,1:34.364,206.468,1,2
36,1122,2024,2,77,Saudi Arabian Grand Prix,2024-03-09,17:00:00,2024-03-07,13:30:00,2024-03-07,17:00:00,2024-03-08,13:30:00,2024-03-08,17:00:00,\N,\N,815,1,7,20:15:30,22.196,22196,perez,PER,Sergio,Pérez,1990-01-26,Mexican,26307,9,11,3,2,2,2,18.0,50,+13.6431,4862704,37,8,1:32.273,240.876,1,1
37,1123,2024,3,1,Australian Grand Prix,2024-03-24,04:00:00,2024-03-22,01:30:00,2024-03-22,05:00:00,2024-03-23,01:30:00,2024-03-23,05:00:00,\N,\N,815,1,14,15:22:45,18.112,18112,perez,PER,Sergio,Pérez,1990-01-26,Mexican,26330,9,11,6,5,5,5,10.0,58,+56.309,4883152,47,6,1:20.388,236.363,1,2
38,1123,2024,3,1,Australian Grand Prix,2024-03-24,04:00:00,2024-03-22,01:30:00,2024-03-22,05:00:00,2024-03-23,01:30:00,2024-03-23,05:00:00,\N,\N,815,2,35,15:52:18,17.222,17222,perez,PER,Sergio,Pérez,1990-01-26,Mexican,26330,9,11,6,5,5,5,10.0,58,+56.309,4883152,47,6,1:20.388,236.363,1,2
39,1124,2024,4,22,Japanese Grand Prix,2024-04-07,05:00:00,2024-04-05,02:30:00,2024-04-05,06:00:00,2024-04-06,02:30:00,2024-04-06,06:00:00,\N,\N,815,1,1,14:05:52,26:17.661,1577661,perez,PER,Sergio,Pérez,1990-01-26,Mexican,26346,9,11,2,2,2,2,18.0,53,+12.535,6876101,35,3,1:33.945,222.525,1,3
40,1124,2024,4,22,Japanese Grand Prix,2024-04-07,05:00:00,2024-04-05,02:30:00,2024-04-05,06:00:00,2024-04-06,02:30:00,2024-04-06,06:00:00,\N,\N,815,2,15,14:56:51,22.990,22990,perez,PER,Sergio,Pérez,1990-01-26,Mexican,26346,9,11,2,2,2,2,18.0,53,+12.535,6876101,35,3,1:33.945,222.525,1,3
41,1124,2024,4,22,Japanese Grand Prix,2024-04-07,05:00:00,2024-04-05,02:30:00,2024-04-05,06:00:00,2024-04-06,02:30:00,2024-04-06,06:00:00,\N,\N,815,3,33,15:26:18,22.956,22956,perez,PER,Sergio,Pérez,1990-01-26,Mexican,26346,9,11,2,2,2,2,18.0,53,+12.535,6876101,35,3,1:33.945,222.525,1,3
42,1125,2024,5,17,Chinese Grand Prix,2024-04-21,07:00:00,2024-04-19,03:30:00,2024-04-19,07:30:00,\N,\N,2024-04-20,07:00:00,2024-04-20,03:00:00,815,1,13,15:25:43,22.027,22027,perez,PER,Sergio,Pérez,1990-01-26,Mexican,26367,9,11,2,3,3,3,15.0,56,+19.160,6071714,33,7,1:39.388,197.444,1,2
43,1125,2024,5,17,Chinese Grand Prix,2024-04-21,07:00:00,2024-04-19,03:30:00,2024-04-19,07:30:00,\N,\N,2024-04-20,07:00:00,2024-04-20,03:00:00,815,2,23,15:44:03,22.371,22371,perez,PER,Sergio,Pérez,1990-01-26,Mexican,26367,9,11,2,3,3,3,15.0,56,+19.160,6071714,33,7,1:39.388,197.444,1,2
44,1126,2024,6,79,Miami Grand Prix,2024-05-05,20:00:00,2024-05-03,16:30:00,2024-05-03,20:30:00,\N,\N,2024-05-04,20:00:00,2024-05-04,16:00:00,815,1,17,16:29:57,21.695,21695,perez,PER,Sergio,Pérez,1990-01-26,Mexican,26388,9,11,4,4,4,4,12.0,57,+14.650,5464526,55,3,1:30.855,214.442,1,2
45,1126,2024,6,79,Miami Grand Prix,2024-05-05,20:00:00,2024-05-03,16:30:00,2024-05-03,20:30:00,\N,\N,2024-05-04,20:00:00,2024-05-04,16:00:00,815,2,28,16:47:40,22.396,22396,perez,PER,Sergio,Pérez,1990-01-26,Mexican,26388,9,11,4,4,4,4,12.0,57,+14.650,5464526,55,3,1:30.855,214.442,1,2
46,1127,2024,7,21,Emilia Romagna Grand Prix,2024-05-19,13:00:00,2024-05-17,11:30:00,2024-05-17,15:00:00,2024-05-18,10:30:00,2024-05-18,14:00:00,\N,\N,815,1,37,15:54:16,29.669,29669,perez,PER,Sergio,Pérez,1990-01-26,Mexican,26412,9,11,11,8,8,8,4.0,63,+54.776,5180028,52,3,1:19.686,221.775,1,1
47,1129,2024,9,7,Canadian Grand Prix,2024-06-09,18:00:00,2024-06-07,17:30:00,2024-06-07,21:00:00,2024-06-08,16:30:00,2024-06-08,20:00:00,\N,\N,815,1,25,14:42:09,33.762,33762,perez,PER,Sergio,Pérez,1990-01-26,Mexican,26462,9,11,16,\N,R,18,0.0,51,\N,\N,51,16,1:18.819,199.185,3,2
48,1129,2024,9,7,Canadian Grand Prix,2024-06-09,18:00:00,2024-06-07,17:30:00,2024-06-07,21:00:00,2024-06-08,16:30:00,2024-06-08,20:00:00,\N,\N,815,2,43,15:10:12,24.423,24423,perez,PER,Sergio,Pérez,1990-01-26,Mexican,26462,9,11,16,\N,R,18,0.0,51,\N,\N,51,16,1:18.819,199.185,3,2
49,1121,2024,1,3,Bahrain Grand Prix,2024-03-02,15:00:00,2024-02-29,11:30:00,2024-02-29,15:00:00,2024-03-01,12:30:00,2024-03-01,16:00:00,\N,\N,817,1,13,18:25:17,24.988,24988,ricciardo,RIC,Daniel,Ricciardo,1989-07-01,Australian,26298,215,3,14,13,13,13,0.0,56,\N,\N,37,13,1:35.163,204.735,11,2
50,1121,2024,1,3,Bahrain Grand Prix,2024-03-02,15:00:00,2024-02-29,11:30:00,2024-02-29,15:00:00,2024-03-01,12:30:00,2024-03-01,16:00:00,\N,\N,817,2,35,19:01:34,24.856,24856,ricciardo,RIC,Daniel,Ricciardo,1989-07-01,Australian,26298,215,3,14,13,13,13,0.0,56,\N,\N,37,13,1:35.163,204.735,11,2
51,1122,2024,2,77,Saudi Arabian Grand Prix,2024-03-09,17:00:00,2024-03-07,13:30:00,2024-03-07,17:00:00,2024-03-08,13:30:00,2024-03-08,17:00:00,\N,\N,817,1,7,20:15:57,1:03.364,63364,ricciardo,RIC,Daniel,Ricciardo,1989-07-01,Australian,26321,215,3,14,16,16,16,0.0,49,\N,\N,47,16,1:33.323,238.166,11,1
52,1123,2024,3,1,Australian Grand Prix,2024-03-24,04:00:00,2024-03-22,01:30:00,2024-03-22,05:00:00,2024-03-23,01:30:00,2024-03-23,05:00:00,\N,\N,817,1,5,15:10:25,18.265,18265,ricciardo,RIC,Daniel,Ricciardo,1989-07-01,Australian,26337,215,3,18,12,12,12,0.0,57,\N,\N,46,13,1:21.239,233.887,11,2
53,1123,2024,3,1,Australian Grand Prix,2024-03-24,04:00:00,2024-03-22,01:30:00,2024-03-22,05:00:00,2024-03-23,01:30:00,2024-03-23,05:00:00,\N,\N,817,2,29,15:44:29,17.751,17751,ricciardo,RIC,Daniel,Ricciardo,1989-07-01,Australian,26337,215,3,18,12,12,12,0.0,57,\N,\N,46,13,1:21.239,233.887,11,2
54,1125,2024,5,17,Chinese Grand Prix,2024-04-21,07:00:00,2024-04-19,03:30:00,2024-04-19,07:30:00,\N,\N,2024-04-20,07:00:00,2024-04-20,03:00:00,817,1,14,15:27:53,22.598,22598,ricciardo,RIC,Daniel,Ricciardo,1989-07-01,Australian,26382,215,3,12,\N,R,18,0.0,33,\N,\N,16,16,1:40.994,194.304,31,1
55,1126,2024,6,79,Miami Grand Prix,2024-05-05,20:00:00,2024-05-03,16:30:00,2024-05-03,20:30:00,\N,\N,2024-05-04,20:00:00,2024-05-04,16:00:00,817,1,28,16:48:05,22.540,22540,ricciardo,RIC,Daniel,Ricciardo,1989-07-01,Australian,26399,215,3,20,15,15,15,0.0,57,+50.956,5500832,57,19,1:32.122,211.493,1,1
56,1127,2024,7,21,Emilia Romagna Grand Prix,2024-05-19,13:00:00,2024-05-17,11:30:00,2024-05-17,15:00:00,2024-05-18,10:30:00,2024-05-18,14:00:00,\N,\N,817,1,11,15:18:29,30.068,30068,ricciardo,RIC,Daniel,Ricciardo,1989-07-01,Australian,26417,215,3,9,13,13,13,0.0,62,\N,\N,13,19,1:21.569,216.655,11,1
57,1128,2024,8,6,Monaco Grand Prix,2024-05-26,13:00:00,2024-05-24,11:30:00,2024-05-24,15:00:00,2024-05-25,10:30:00,2024-05-25,14:00:00,\N,\N,817,1,1,15:05:13,39:45.823,2385823,ricciardo,RIC,Daniel,Ricciardo,1989-07-01,Australian,26436,215,3,12,12,12,12,0.0,76,\N,\N,\N,0,\N,\N,12,1
58,1129,2024,9,7,Canadian Grand Prix,2024-06-09,18:00:00,2024-06-07,17:30:00,2024-06-07,21:00:00,2024-06-08,16:30:00,2024-06-08,20:00:00,\N,\N,817,1,26,14:43:37,30.298,30298,ricciardo,RIC,Daniel,Ricciardo,1989-07-01,Australian,26452,215,3,5,8,8,8,4.0,70,+28.672,6376599,68,12,1:17.076,203.689,1,2
59,1129,2024,9,7,Canadian Grand Prix,2024-06-09,18:00:00,2024-06-07,17:30:00,2024-06-07,21:00:00,2024-06-08,16:30:00,2024-06-08,20:00:00,\N,\N,817,2,43,15:10:10,23.860,23860,ricciardo,RIC,Daniel,Ricciardo,1989-07-01,Australian,26452,215,3,5,8,8,8,4.0,70,+28.672,6376599,68,12,1:17.076,203.689,1,2
60,1121,2024,1,3,Bahrain Grand Prix,2024-03-02,15:00:00,2024-02-29,11:30:00,2024-02-29,15:00:00,2024-03-01,12:30:00,2024-03-01,16:00:00,\N,\N,807,1,1,18:05:33,36.604,36604,hulkenberg,HUL,Nico,Hülkenberg,1987-08-19,German,26301,210,27,10,16,16,16,0.0,56,\N,\N,46,10,1:34.834,205.445,11,3
61,1121,2024,1,3,Bahrain Grand Prix,2024-03-02,15:00:00,2024-02-29,11:30:00,2024-02-29,15:00:00,2024-03-01,12:30:00,2024-03-01,16:00:00,\N,\N,807,2,20,18:37:08,24.768,24768,hulkenberg,HUL,Nico,Hülkenberg,1987-08-19,German,26301,210,27,10,16,16,16,0.0,56,\N,\N,46,10,1:34.834,205.445,11,3
62,1121,2024,1,3,Bahrain Grand Prix,2024-03-02,15:00:00,2024-02-29,11:30:00,2024-02-29,15:00:00,2024-03-01,12:30:00,2024-03-01,16:00:00,\N,\N,807,3,41,19:11:29,24.387,24387,hulkenberg,HUL,Nico,Hülkenberg,1987-08-19,German,26301,210,27,10,16,16,16,0.0,56,\N,\N,46,10,1:34.834,205.445,11,3
63,1122,2024,2,77,Saudi Arabian Grand Prix,2024-03-09,17:00:00,2024-03-07,13:30:00,2024-03-07,17:00:00,2024-03-08,13:30:00,2024-03-08,17:00:00,\N,\N,807,1,33,20:59:21,21.035,21035,hulkenberg,HUL,Nico,Hülkenberg,1987-08-19,German,26315,210,27,15,10,10,10,1.0,50,+1:16.996,4920269,49,12,1:32.366,240.633,1,1
64,1123,2024,3,1,Australian Grand Prix,2024-03-24,04:00:00,2024-03-22,01:30:00,2024-03-22,05:00:00,2024-03-23,01:30:00,2024-03-23,05:00:00,\N,\N,807,1,17,15:27:28,18.320,18320,hulkenberg,HUL,Nico,Hülkenberg,1987-08-19,German,26334,210,27,16,9,9,9,2.0,58,+1:44.553,4931396,46,12,1:21.145,234.158,1,2
65,1123,2024,3,1,Australian Grand Prix,2024-03-24,04:00:00,2024-03-22,01:30:00,2024-03-22,05:00:00,2024-03-23,01:30:00,2024-03-23,05:00:00,\N,\N,807,2,35,15:52:40,18.145,18145,hulkenberg,HUL,Nico,Hülkenberg,1987-08-19,German,26334,210,27,16,9,9,9,2.0,58,+1:44.553,4931396,46,12,1:21.145,234.158,1,2
66,1124,2024,4,22,Japanese Grand Prix,2024-04-07,05:00:00,2024-04-05,02:30:00,2024-04-05,06:00:00,2024-04-06,02:30:00,2024-04-06,06:00:00,\N,\N,807,1,1,14:06:21,26:20.886,1580886,hulkenberg,HUL,Nico,Hülkenberg,1987-08-19,German,26355,210,27,12,11,11,11,0.0,52,\N,\N,52,11,1:35.325,219.304,11,3
67,1124,2024,4,22,Japanese Grand Prix,2024-04-07,05:00:00,2024-04-05,02:30:00,2024-04-05,06:00:00,2024-04-06,02:30:00,2024-04-06,06:00:00,\N,\N,807,2,5,14:40:46,23.622,23622,hulkenberg,HUL,Nico,Hülkenberg,1987-08-19,German,26355,210,27,12,11,11,11,0.0,52,\N,\N,52,11,1:35.325,219.304,11,3
68,1124,2024,4,22,Japanese Grand Prix,2024-04-07,05:00:00,2024-04-05,02:30:00,2024-04-05,06:00:00,2024-04-06,02:30:00,2024-04-06,06:00:00,\N,\N,807,3,33,15:27:22,23.993,23993,hulkenberg,HUL,Nico,Hülkenberg,1987-08-19,German,26355,210,27,12,11,11,11,0.0,52,\N,\N,52,11,1:35.325,219.304,11,3
69,1125,2024,5,17,Chinese Grand Prix,2024-04-21,07:00:00,2024-04-19,03:30:00,2024-04-19,07:30:00,\N,\N,2024-04-20,07:00:00,2024-04-20,03:00:00,807,1,8,15:17:30,23.004,23004,hulkenberg,HUL,Nico,Hülkenberg,1987-08-19,German,26374,210,27,9,10,10,10,1.0,56,+1:00.476,6113030,32,13,1:40.815,194.649,1,2
70,1125,2024,5,17,Chinese Grand Prix,2024-04-21,07:00:00,2024-04-19,03:30:00,2024-04-19,07:30:00,\N,\N,2024-04-20,07:00:00,2024-04-20,03:00:00,807,2,23,15:44:41,23.336,23336,hulkenberg,HUL,Nico,Hülkenberg,1987-08-19,German,26374,210,27,9,10,10,10,1.0,56,+1:00.476,6113030,32,13,1:40.815,194.649,1,2
71,1126,2024,6,79,Miami Grand Prix,2024-05-05,20:00:00,2024-05-03,16:30:00,2024-05-03,20:30:00,\N,\N,2024-05-04,20:00:00,2024-05-04,16:00:00,807,1,12,16:22:21,23.055,23055,hulkenberg,HUL,Nico,Hülkenberg,1987-08-19,German,26395,210,27,9,11,11,11,0.0,57,+40.789,5490665,56,14,1:31.941,211.909,1,2
72,1126,2024,6,79,Miami Grand Prix,2024-05-05,20:00:00,2024-05-03,16:30:00,2024-05-03,20:30:00,\N,\N,2024-05-04,20:00:00,2024-05-04,16:00:00,807,2,28,16:48:13,22.487,22487,hulkenberg,HUL,Nico,Hülkenberg,1987-08-19,German,26395,210,27,9,11,11,11,0.0,57,+40.789,5490665,56,14,1:31.941,211.909,1,2
73,1127,2024,7,21,Emilia Romagna Grand Prix,2024-05-19,13:00:00,2024-05-17,11:30:00,2024-05-17,15:00:00,2024-05-18,10:30:00,2024-05-18,14:00:00,\N,\N,807,1,13,15:21:11,29.749,29749,hulkenberg,HUL,Nico,Hülkenberg,1987-08-19,German,26415,210,27,10,11,11,11,0.0,62,\N,\N,3,20,1:21.700,216.308,11,1
74,1129,2024,9,7,Canadian Grand Prix,2024-06-09,18:00:00,2024-06-07,17:30:00,2024-06-07,21:00:00,2024-06-08,16:30:00,2024-06-08,20:00:00,\N,\N,807,1,12,14:22:33,24.233,24233,hulkenberg,HUL,Nico,Hülkenberg,1987-08-19,German,26455,210,27,17,11,11,11,0.0,70,+30.824,6378751,67,8,1:16.683,204.733,1,3
75,1129,2024,9,7,Canadian Grand Prix,2024-06-09,18:00:00,2024-06-07,17:30:00,2024-06-07,21:00:00,2024-06-08,16:30:00,2024-06-08,20:00:00,\N,\N,807,2,25,14:42:21,24.668,24668,hulkenberg,HUL,Nico,Hülkenberg,1987-08-19,German,26455,210,27,17,11,11,11,0.0,70,+30.824,6378751,67,8,1:16.683,204.733,1,3
76,1129,2024,9,7,Canadian Grand Prix,2024-06-09,18:00:00,2024-06-07,17:30:00,2024-06-07,21:00:00,2024-06-08,16:30:00,2024-06-08,20:00:00,\N,\N,807,3,44,15:11:43,24.751,24751,hulkenberg,HUL,Nico,Hülkenberg,1987-08-19,German,26455,210,27,17,11,11,11,0.0,70,+30.824,6378751,67,8,1:16.683,204.733,1,3
77,1121,2024,1,3,Bahrain Grand Prix,2024-03-02,15:00:00,2024-02-29,11:30:00,2024-02-29,15:00:00,2024-03-01,12:30:00,2024-03-01,16:00:00,\N,\N,822,1,12,18:23:42,26.420,26420,bottas,BOT,Valtteri,Bottas,1989-08-28,Finnish,26304,15,77,16,19,19,19,0.0,56,\N,\N,33,19,1:36.202,202.523,11,2
78,1121,2024,1,3,Bahrain Grand Prix,2024-03-02,15:00:00,2024-02-29,11:30:00,2024-02-29,15:00:00,2024-03-01,12:30:00,2024-03-01,16:00:00,\N,\N,822,2,30,18:53:32,1:14.773,74773,bottas,BOT,Valtteri,Bottas,1989-08-28,Finnish,26304,15,77,16,19,19,19,0.0,56,\N,\N,33,19,1:36.202,202.523,11,2
79,1122,2024,2,77,Saudi Arabian Grand Prix,2024-03-09,17:00:00,2024-03-07,13:30:00,2024-03-07,17:00:00,2024-03-08,13:30:00,2024-03-08,17:00:00,\N,\N,822,1,7,20:16:00,22.795,22795,bottas,BOT,Valtteri,Bottas,1989-08-28,Finnish,26322,15,77,16,17,17,17,0.0,49,\N,\N,49,14,1:32.706,239.751,11,2
80,1122,2024,2,77,Saudi Arabian Grand Prix,2024-03-09,17:00:00,2024-03-07,13:30:00,2024-03-07,17:00:00,2024-03-08,13:30:00,2024-03-08,17:00:00,\N,\N,822,2,35,21:02:58,23.281,23281,bottas,BOT,Valtteri,Bottas,1989-08-28,Finnish,26322,15,77,16,17,17,17,0.0,49,\N,\N,49,14,1:32.706,239.751,11,2
81,1123,2024,3,1,Australian Grand Prix,2024-03-24,04:00:00,2024-03-22,01:30:00,2024-03-22,05:00:00,2024-03-23,01:30:00,2024-03-23,05:00:00,\N,\N,822,1,8,15:14:30,46.969,46969,bottas,BOT,Valtteri,Bottas,1989-08-28,Finnish,26339,15,77,13,14,14,14,0.0,57,\N,\N,48,16,1:21.422,233.361,11,2
82,1123,2024,3,1,Australian Grand Prix,2024-03-24,04:00:00,2024-03-22,01:30:00,2024-03-22,05:00:00,2024-03-23,01:30:00,2024-03-23,05:00:00,\N,\N,822,2,36,15:54:30,18.938,18938,bottas,BOT,Valtteri,Bottas,1989-08-28,Finnish,26339,15,77,13,14,14,14,0.0,57,\N,\N,48,16,1:21.422,233.361,11,2
83,1124,2024,4,22,Japanese Grand Prix,2024-04-07,05:00:00,2024-04-05,02:30:00,2024-04-05,06:00:00,2024-04-06,02:30:00,2024-04-06,06:00:00,\N,\N,822,1,1,14:06:22,26:22.542,1582542,bottas,BOT,Valtteri,Bottas,1989-08-28,Finnish,26358,15,77,13,14,14,14,0.0,52,\N,\N,25,15,1:36.608,216.392,11,3
84,1124,2024,4,22,Japanese Grand Prix,2024-04-07,05:00:00,2024-04-05,02:30:00,2024-04-05,06:00:00,2024-04-06,02:30:00,2024-04-06,06:00:00,\N,\N,822,2,6,14:42:21,24.824,24824,bottas,BOT,Valtteri,Bottas,1989-08-28,Finnish,26358,15,77,13,14,14,14,0.0,52,\N,\N,25,15,1:36.608,216.392,11,3
85,1124,2024,4,22,Japanese Grand Prix,2024-04-07,05:00:00,2024-04-05,02:30:00,2024-04-05,06:00:00,2024-04-06,02:30:00,2024-04-06,06:00:00,\N,\N,822,3,22,15:09:04,25.946,25946,bottas,BOT,Valtteri,Bottas,1989-08-28,Finnish,26358,15,77,13,14,14,14,0.0,52,\N,\N,25,15,1:36.608,216.392,11,3
86,1125,2024,5,17,Chinese Grand Prix,2024-04-21,07:00:00,2024-04-19,03:30:00,2024-04-19,07:30:00,\N,\N,2024-04-20,07:00:00,2024-04-20,03:00:00,822,1,9,15:19:12,22.949,22949,bottas,BOT,Valtteri,Bottas,1989-08-28,Finnish,26384,15,77,10,\N,R,20,0.0,19,\N,\N,11,19,1:41.276,193.763,31,1
87,1126,2024,6,79,Miami Grand Prix,2024-05-05,20:00:00,2024-05-03,16:30:00,2024-05-03,20:30:00,\N,\N,2024-05-04,20:00:00,2024-05-04,16:00:00,822,1,11,16:20:55,23.730,23730,bottas,BOT,Valtteri,Bottas,1989-08-28,Finnish,26400,15,77,16,16,16,16,0.0,57,+52.356,5502232,55,18,1:32.098,211.548,1,2
88,1126,2024,6,79,Miami Grand Prix,2024-05-05,20:00:00,2024-05-03,16:30:00,2024-05-03,20:30:00,\N,\N,2024-05-04,20:00:00,2024-05-04,16:00:00,822,2,29,16:50:34,22.765,22765,bottas,BOT,Valtteri,Bottas,1989-08-28,Finnish,26400,15,77,16,16,16,16,0.0,57,+52.356,5502232,55,18,1:32.098,211.548,1,2
89,1127,2024,7,21,Emilia Romagna Grand Prix,2024-05-19,13:00:00,2024-05-17,11:30:00,2024-05-17,15:00:00,2024-05-18,10:30:00,2024-05-18,14:00:00,\N,\N,822,1,8,15:14:28,30.240,30240,bottas,BOT,Valtteri,Bottas,1989-08-28,Finnish,26422,15,77,16,18,18,18,0.0,62,\N,\N,11,18,1:21.455,216.959,11,1
90,1128,2024,8,6,Monaco Grand Prix,2024-05-26,13:00:00,2024-05-24,11:30:00,2024-05-24,15:00:00,2024-05-25,10:30:00,2024-05-25,14:00:00,\N,\N,822,1,1,15:05:19,39:54.053,2394053,bottas,BOT,Valtteri,Bottas,1989-08-28,Finnish,26437,15,77,17,13,13,13,0.0,76,\N,\N,\N,0,\N,\N,12,15
91,1128,2024,8,6,Monaco Grand Prix,2024-05-26,13:00:00,2024-05-24,11:30:00,2024-05-24,15:00:00,2024-05-25,10:30:00,2024-05-25,14:00:00,\N,\N,822,15,2,16:04:57,24.239,24239,bottas,BOT,Valtteri,Bottas,1989-08-28,Finnish,26437,15,77,17,13,13,13,0.0,76,\N,\N,\N,0,\N,\N,12,15
92,1129,2024,9,7,Canadian Grand Prix,2024-06-09,18:00:00,2024-06-07,17:30:00,2024-06-07,21:00:00,2024-06-08,16:30:00,2024-06-08,20:00:00,\N,\N,822,1,42,15:08:45,24.929,24929,bottas,BOT,Valtteri,Bottas,1989-08-28,Finnish,26457,15,77,0,13,13,13,0.0,70,+40.487,6388414,65,13,1:17.250,203.231,1,1
93,1121,2024,1,3,Bahrain Grand Prix,2024-03-02,15:00:00,2024-02-29,11:30:00,2024-02-29,15:00:00,2024-03-01,12:30:00,2024-03-01,16:00:00,\N,\N,825,1,11,18:21:55,25.951,25951,kevin_magnussen,MAG,Kevin,Magnussen,1992-10-05,Danish,26297,210,20,15,12,12,12,0.0,56,\N,\N,34,15,1:35.570,203.863,11,2
94,1121,2024,1,3,Bahrain Grand Prix,2024-03-02,15:00:00,2024-02-29,11:30:00,2024-02-29,15:00:00,2024-03-01,12:30:00,2024-03-01,16:00:00,\N,\N,825,2,32,18:56:37,24.446,24446,kevin_magnussen,MAG,Kevin,Magnussen,1992-10-05,Danish,26297,210,20,15,12,12,12,0.0,56,\N,\N,34,15,1:35.570,203.863,11,2
95,1122,2024,2,77,Saudi Arabian Grand Prix,2024-03-09,17:00:00,2024-03-07,13:30:00,2024-03-07,17:00:00,2024-03-08,13:30:00,2024-03-08,17:00:00,\N,\N,825,1,7,20:15:53,21.460,21460,kevin_magnussen,MAG,Kevin,Magnussen,1992-10-05,Danish,26317,210,20,13,12,12,12,0.0,50,+1:45.7373,4955646,47,11,1:32.338,240.706,1,1
96,1123,2024,3,1,Australian Grand Prix,2024-03-24,04:00:00,2024-03-22,01:30:00,2024-03-22,05:00:00,2024-03-23,01:30:00,2024-03-23,05:00:00,\N,\N,825,1,7,15:13:08,18.301,18301,kevin_magnussen,MAG,Kevin,Magnussen,1992-10-05,Danish,26335,210,20,14,10,10,10,1.0,57,\N,\N,44,9,1:21.082,234.340,11,2
97,1123,2024,3,1,Australian Grand Prix,2024-03-24,04:00:00,2024-03-22,01:30:00,2024-03-22,05:00:00,2024-03-23,01:30:00,2024-03-23,05:00:00,\N,\N,825,2,33,15:49:58,18.151,18151,kevin_magnussen,MAG,Kevin,Magnussen,1992-10-05,Danish,26335,210,20,14,10,10,10,1.0,57,\N,\N,44,9,1:21.082,234.340,11,2
98,1124,2024,4,22,Japanese Grand Prix,2024-04-07,05:00:00,2024-04-05,02:30:00,2024-04-05,06:00:00,2024-04-06,02:30:00,2024-04-06,06:00:00,\N,\N,825,1,1,14:06:40,26:24.630,1584630,kevin_magnussen,MAG,Kevin,Magnussen,1992-10-05,Danish,26357,210,20,18,13,13,13,0.0,52,\N,\N,24,17,1:36.654,216.289,11,2
99,1124,2024,4,22,Japanese Grand Prix,2024-04-07,05:00:00,2024-04-05,02:30:00,2024-04-05,06:00:00,2024-04-06,02:30:00,2024-04-06,06:00:00,\N,\N,825,2,22,15:09:03,26.198,26198,kevin_magnussen,MAG,Kevin,Magnussen,1992-10-05,Danish,26357,210,20,18,13,13,13,0.0,52,\N,\N,24,17,1:36.654,216.289,11,2
100,1125,2024,5,17,Chinese Grand Prix,2024-04-21,07:00:00,2024-04-19,03:30:00,2024-04-19,07:30:00,\N,\N,2024-04-20,07:00:00,2024-04-20,03:00:00,825,1,17,15:33:13,22.974,22974,kevin_magnussen,MAG,Kevin,Magnussen,1992-10-05,Danish,26380,210,20,17,16,16,16,0.0,56,+1:27.533,6140087,45,18,1:41.077,194.145,1,2
101,1125,2024,5,17,Chinese Grand Prix,2024-04-21,07:00:00,2024-04-19,03:30:00,2024-04-19,07:30:00,\N,\N,2024-04-20,07:00:00,2024-04-20,03:00:00,825,2,27,15:54:22,25.727,25727,kevin_magnussen,MAG,Kevin,Magnussen,1992-10-05,Danish,26380,210,20,17,16,16,16,0.0,56,+1:27.533,6140087,45,18,1:41.077,194.145,1,2
102,1126,2024,6,79,Miami Grand Prix,2024-05-05,20:00:00,2024-05-03,16:30:00,2024-05-03,20:30:00,\N,\N,2024-05-04,20:00:00,2024-05-04,16:00:00,825,1,22,16:38:18,23.265,23265,kevin_magnussen,MAG,Kevin,Magnussen,1992-10-05,Danish,26403,210,20,18,19,19,19,0.0,57,+1:24.683,5534559,33,12,1:31.774,212.295,1,3
103,1126,2024,6,79,Miami Grand Prix,2024-05-05,20:00:00,2024-05-03,16:30:00,2024-05-03,20:30:00,\N,\N,2024-05-04,20:00:00,2024-05-04,16:00:00,825,2,28,16:48:47,29.727,29727,kevin_magnussen,MAG,Kevin,Magnussen,1992-10-05,Danish,26403,210,20,18,19,19,19,0.0,57,+1:24.683,5534559,33,12,1:31.774,212.295,1,3
104,1126,2024,6,79,Miami Grand Prix,2024-05-05,20:00:00,2024-05-03,16:30:00,2024-05-03,20:30:00,\N,\N,2024-05-04,20:00:00,2024-05-04,16:00:00,825,3,31,16:54:36,30.732,30732,kevin_magnussen,MAG,Kevin,Magnussen,1992-10-05,Danish,26403,210,20,18,19,19,19,0.0,57,+1:24.683,5534559,33,12,1:31.774,212.295,1,3
105,1127,2024,7,21,Emilia Romagna Grand Prix,2024-05-19,13:00:00,2024-05-17,11:30:00,2024-05-17,15:00:00,2024-05-18,10:30:00,2024-05-18,14:00:00,\N,\N,825,1,37,15:54:36,31.302,31302,kevin_magnussen,MAG,Kevin,Magnussen,1992-10-05,Danish,26416,210,20,18,12,12,12,0.0,62,\N,\N,58,12,1:21.009,218.153,11,1
106,1129,2024,9,7,Canadian Grand Prix,2024-06-09,18:00:00,2024-06-07,17:30:00,2024-06-07,21:00:00,2024-06-08,16:30:00,2024-06-08,20:00:00,\N,\N,825,1,7,14:14:25,30.472,30472,kevin_magnussen,MAG,Kevin,Magnussen,1992-10-05,Danish,26456,210,20,14,12,12,12,0.0,70,+31.253,6379180,68,7,1:16.499,205.226,1,4
107,1129,2024,9,7,Canadian Grand Prix,2024-06-09,18:00:00,2024-06-07,17:30:00,2024-06-07,21:00:00,2024-06-08,16:30:00,2024-06-08,20:00:00,\N,\N,825,2,25,14:42:03,26.794,26794,kevin_magnussen,MAG,Kevin,Magnussen,1992-10-05,Danish,26456,210,20,14,12,12,12,0.0,70,+31.253,6379180,68,7,1:16.499,205.226,1,4
108,1129,2024,9,7,Canadian Grand Prix,2024-06-09,18:00:00,2024-06-07,17:30:00,2024-06-07,21:00:00,2024-06-08,16:30:00,2024-06-08,20:00:00,\N,\N,825,3,41,15:07:24,24.833,24833,kevin_magnussen,MAG,Kevin,Magnussen,1992-10-05,Danish,26456,210,20,14,12,12,12,0.0,70,+31.253,6379180,68,7,1:16.499,205.226,1,4
109,1129,2024,9,7,Canadian Grand Prix,2024-06-09,18:00:00,2024-06-07,17:30:00,2024-06-07,21:00:00,2024-06-08,16:30:00,2024-06-08,20:00:00,\N,\N,825,4,54,15:26:25,26.845,26845,kevin_magnussen,MAG,Kevin,Magnussen,1992-10-05,Danish,26456,210,20,14,12,12,12,0.0,70,+31.253,6379180,68,7,1:16.499,205.226,1,4
110,1121,2024,1,3,Bahrain Grand Prix,2024-03-02,15:00:00,2024-02-29,11:30:00,2024-02-29,15:00:00,2024-03-01,12:30:00,2024-03-01,16:00:00,\N,\N,832,1,14,18:26:32,24.474,24474,sainz,SAI,Carlos,Sainz,1994-09-01,Spanish,26288,6,55,4,3,3,3,15.0,57,+25.110,5529852,44,6,1:34.507,206.156,1,2
111,1121,2024,1,3,Bahrain Grand Prix,2024-03-02,15:00:00,2024-02-29,11:30:00,2024-02-29,15:00:00,2024-03-01,12:30:00,2024-03-01,16:00:00,\N,\N,832,2,35,19:00:38,23.866,23866,sainz,SAI,Carlos,Sainz,1994-09-01,Spanish,26288,6,55,4,3,3,3,15.0,57,+25.110,5529852,44,6,1:34.507,206.156,1,2
112,1123,2024,3,1,Australian Grand Prix,2024-03-24,04:00:00,2024-03-22,01:30:00,2024-03-22,05:00:00,2024-03-23,01:30:00,2024-03-23,05:00:00,\N,\N,832,1,16,15:25:14,17.599,17599,sainz,SAI,Carlos,Sainz,1994-09-01,Spanish,26326,6,55,2,1,1,1,25.0,58,1:20:26.843,4826843,48,3,1:20.031,237.418,1,2
113,1123,2024,3,1,Australian Grand Prix,2024-03-24,04:00:00,2024-03-22,01:30:00,2024-03-22,05:00:00,2024-03-23,01:30:00,2024-03-23,05:00:00,\N,\N,832,2,41,15:59:57,17.740,17740,sainz,SAI,Carlos,Sainz,1994-09-01,Spanish,26326,6,55,2,1,1,1,25.0,58,1:20:26.843,4826843,48,3,1:20.031,237.418,1,2
114,1124,2024,4,22,Japanese Grand Prix,2024-04-07,05:00:00,2024-04-05,02:30:00,2024-04-05,06:00:00,2024-04-06,02:30:00,2024-04-06,06:00:00,\N,\N,832,1,1,14:05:57,26:20.097,1580097,sainz,SAI,Carlos,Sainz,1994-09-01,Spanish,26347,6,55,4,3,3,3,15.0,53,+20.866,6884432,46,2,1:33.841,222.772,1,3
115,1124,2024,4,22,Japanese Grand Prix,2024-04-07,05:00:00,2024-04-05,02:30:00,2024-04-05,06:00:00,2024-04-06,02:30:00,2024-04-06,06:00:00,\N,\N,832,2,15,14:56:55,23.136,23136,sainz,SAI,Carlos,Sainz,1994-09-01,Spanish,26347,6,55,4,3,3,3,15.0,53,+20.866,6884432,46,2,1:33.841,222.772,1,3
116,1124,2024,4,22,Japanese Grand Prix,2024-04-07,05:00:00,2024-04-05,02:30:00,2024-04-05,06:00:00,2024-04-06,02:30:00,2024-04-06,06:00:00,\N,\N,832,3,36,15:31:14,23.591,23591,sainz,SAI,Carlos,Sainz,1994-09-01,Spanish,26347,6,55,4,3,3,3,15.0,53,+20.866,6884432,46,2,1:33.841,222.772,1,3
117,1125,2024,5,17,Chinese Grand Prix,2024-04-21,07:00:00,2024-04-19,03:30:00,2024-04-19,07:30:00,\N,\N,2024-04-20,07:00:00,2024-04-20,03:00:00,832,1,17,15:32:49,22.629,22629,sainz,SAI,Carlos,Sainz,1994-09-01,Spanish,26369,6,55,7,5,5,5,10.0,56,+33.983,6086537,19,10,1:39.764,196.700,1,1
118,1126,2024,6,79,Miami Grand Prix,2024-05-05,20:00:00,2024-05-03,16:30:00,2024-05-03,20:30:00,\N,\N,2024-05-04,20:00:00,2024-05-04,16:00:00,832,1,27,16:45:33,22.805,22805,sainz,SAI,Carlos,Sainz,1994-09-01,Spanish,26389,6,55,3,5,5,5,10.0,57,+16.407,5466283,55,4,1:30.928,214.270,1,1
119,1127,2024,7,21,Emilia Romagna Grand Prix,2024-05-19,13:00:00,2024-05-17,11:30:00,2024-05-17,15:00:00,2024-05-18,10:30:00,2024-05-18,14:00:00,\N,\N,832,1,27,15:40:03,30.508,30508,sainz,SAI,Carlos,Sainz,1994-09-01,Spanish,26409,6,55,4,5,5,5,10.0,63,+22.325,5147577,63,7,1:20.220,220.299,1,1
120,1128,2024,8,6,Monaco Grand Prix,2024-05-26,13:00:00,2024-05-24,11:30:00,2024-05-24,15:00:00,2024-05-25,10:30:00,2024-05-25,14:00:00,\N,\N,832,1,1,15:05:27,38:47.072,2327072,sainz,SAI,Carlos,Sainz,1994-09-01,Spanish,26427,6,55,3,3,3,3,15.0,78,+7.585,8603139,\N,0,\N,\N,1,1
121,1129,2024,9,7,Canadian Grand Prix,2024-06-09,18:00:00,2024-06-07,17:30:00,2024-06-07,21:00:00,2024-06-08,16:30:00,2024-06-08,20:00:00,\N,\N,832,1,25,14:42:01,27.626,27626,sainz,SAI,Carlos,Sainz,1994-09-01,Spanish,26460,6,55,12,\N,R,16,0.0,52,\N,\N,51,17,1:18.957,198.837,4,2
122,1129,2024,9,7,Canadian Grand Prix,2024-06-09,18:00:00,2024-06-07,17:30:00,2024-06-07,21:00:00,2024-06-08,16:30:00,2024-06-08,20:00:00,\N,\N,832,2,43,15:10:12,24.125,24125,sainz,SAI,Carlos,Sainz,1994-09-01,Spanish,26460,6,55,12,\N,R,16,0.0,52,\N,\N,51,17,1:18.957,198.837,4,2
123,1121,2024,1,3,Bahrain Grand Prix,2024-03-02,15:00:00,2024-02-29,11:30:00,2024-02-29,15:00:00,2024-03-01,12:30:00,2024-03-01,16:00:00,\N,\N,830,1,17,18:31:12,25.064,25064,max_verstappen,VER,Max,Verstappen,1997-09-30,Dutch,26286,9,1,1,1,1,1,26.0,57,1:31:44.742,5504742,39,1,1:32.608,210.383,1,2
124,1121,2024,1,3,Bahrain Grand Prix,2024-03-02,15:00:00,2024-02-29,11:30:00,2024-02-29,15:00:00,2024-03-01,12:30:00,2024-03-01,16:00:00,\N,\N,830,2,37,19:03:29,24.209,24209,max_verstappen,VER,Max,Verstappen,1997-09-30,Dutch,26286,9,1,1,1,1,1,26.0,57,1:31:44.742,5504742,39,1,1:32.608,210.383,1,2
125,1122,2024,2,77,Saudi Arabian Grand Prix,2024-03-09,17:00:00,2024-03-07,13:30:00,2024-03-07,17:00:00,2024-03-08,13:30:00,2024-03-08,17:00:00,\N,\N,830,1,7,20:15:25,20.607,20607,max_verstappen,VER,Max,Verstappen,1997-09-30,Dutch,26306,9,1,1,1,1,1,25.0,50,1:20:43.273,4843273,50,3,1:31.773,242.188,1,1
126,1124,2024,4,22,Japanese Grand Prix,2024-04-07,05:00:00,2024-04-05,02:30:00,2024-04-05,06:00:00,2024-04-06,02:30:00,2024-04-06,06:00:00,\N,\N,830,1,1,14:05:50,26:15.603,1575603,max_verstappen,VER,Max,Verstappen,1997-09-30,Dutch,26345,9,1,1,1,1,1,26.0,53,1:54:23.566,6863566,50,1,1:33.706,223.093,1,3
127,1124,2024,4,22,Japanese Grand Prix,2024-04-07,05:00:00,2024-04-05,02:30:00,2024-04-05,06:00:00,2024-04-06,02:30:00,2024-04-06,06:00:00,\N,\N,830,2,16,14:58:23,23.177,23177,max_verstappen,VER,Max,Verstappen,1997-09-30,Dutch,26345,9,1,1,1,1,1,26.0,53,1:54:23.566,6863566,50,1,1:33.706,223.093,1,3
128,1124,2024,4,22,Japanese Grand Prix,2024-04-07,05:00:00,2024-04-05,02:30:00,2024-04-05,06:00:00,2024-04-06,02:30:00,2024-04-06,06:00:00,\N,\N,830,3,34,15:27:43,23.234,23234,max_verstappen,VER,Max,Verstappen,1997-09-30,Dutch,26345,9,1,1,1,1,1,26.0,53,1:54:23.566,6863566,50,1,1:33.706,223.093,1,3
129,1125,2024,5,17,Chinese Grand Prix,2024-04-21,07:00:00,2024-04-19,03:30:00,2024-04-19,07:30:00,\N,\N,2024-04-20,07:00:00,2024-04-20,03:00:00,830,1,13,15:25:33,22.456,22456,max_verstappen,VER,Max,Verstappen,1997-09-30,Dutch,26365,9,1,1,1,1,1,25.0,56,1:40:52.554,6052554,33,2,1:38.406,199.414,1,2
130,1125,2024,5,17,Chinese Grand Prix,2024-04-21,07:00:00,2024-04-19,03:30:00,2024-04-19,07:30:00,\N,\N,2024-04-20,07:00:00,2024-04-20,03:00:00,830,2,23,15:43:44,22.270,22270,max_verstappen,VER,Max,Verstappen,1997-09-30,Dutch,26365,9,1,1,1,1,1,25.0,56,1:40:52.554,6052554,33,2,1:38.406,199.414,1,2
131,1126,2024,6,79,Miami Grand Prix,2024-05-05,20:00:00,2024-05-03,16:30:00,2024-05-03,20:30:00,\N,\N,2024-05-04,20:00:00,2024-05-04,16:00:00,830,1,23,16:39:17,22.187,22187,max_verstappen,VER,Max,Verstappen,1997-09-30,Dutch,26386,9,1,1,2,2,2,18.0,57,+7.612,5457488,48,8,1:31.261,213.488,1,1
132,1127,2024,7,21,Emilia Romagna Grand Prix,2024-05-19,13:00:00,2024-05-17,11:30:00,2024-05-17,15:00:00,2024-05-18,10:30:00,2024-05-18,14:00:00,\N,\N,830,1,24,15:35:46,30.416,30416,max_verstappen,VER,Max,Verstappen,1997-09-30,Dutch,26405,9,1,1,1,1,1,25.0,63,1:25:25.252,5125252,38,9,1:20.366,219.898,1,1
133,1128,2024,8,6,Monaco Grand Prix,2024-05-26,13:00:00,2024-05-24,11:30:00,2024-05-24,15:00:00,2024-05-25,10:30:00,2024-05-25,14:00:00,\N,\N,830,1,1,15:04:57,39:32.670,2372670,max_verstappen,VER,Max,Verstappen,1997-09-30,Dutch,26430,9,1,6,6,6,6,8.0,78,+13.853,8609407,\N,0,\N,\N,1,52
134,1128,2024,8,6,Monaco Grand Prix,2024-05-26,13:00:00,2024-05-24,11:30:00,2024-05-24,15:00:00,2024-05-25,10:30:00,2024-05-25,14:00:00,\N,\N,830,52,2,16:53:26,23.813,23813,max_verstappen,VER,Max,Verstappen,1997-09-30,Dutch,26430,9,1,6,6,6,6,8.0,78,+13.853,8609407,\N,0,\N,\N,1,52
135,1129,2024,9,7,Canadian Grand Prix,2024-06-09,18:00:00,2024-06-07,17:30:00,2024-06-07,21:00:00,2024-06-08,16:30:00,2024-06-08,20:00:00,\N,\N,830,1,25,14:40:52,24.306,24306,max_verstappen,VER,Max,Verstappen,1997-09-30,Dutch,26445,9,1,2,1,1,1,25.0,70,1:45:47.927,6347927,70,4,1:15.569,207.751,1,2
136,1129,2024,9,7,Canadian Grand Prix,2024-06-09,18:00:00,2024-06-07,17:30:00,2024-06-07,21:00:00,2024-06-08,16:30:00,2024-06-08,20:00:00,\N,\N,830,2,45,15:12:29,24.246,24246,max_verstappen,VER,Max,Verstappen,1997-09-30,Dutch,26445,9,1,2,1,1,1,25.0,70,1:45:47.927,6347927,70,4,1:15.569,207.751,1,2
137,1121,2024,1,3,Bahrain Grand Prix,2024-03-02,15:00:00,2024-02-29,11:30:00,2024-02-29,15:00:00,2024-03-01,12:30:00,2024-03-01,16:00:00,\N,\N,839,1,10,18:20:20,24.877,24877,ocon,OCO,Esteban,Ocon,1996-09-17,French,26302,214,31,19,17,17,17,0.0,56,\N,\N,34,20,1:36.226,202.473,11,2
138,1121,2024,1,3,Bahrain Grand Prix,2024-03-02,15:00:00,2024-02-29,11:30:00,2024-02-29,15:00:00,2024-03-01,12:30:00,2024-03-01,16:00:00,\N,\N,839,2,30,18:53:30,25.145,25145,ocon,OCO,Esteban,Ocon,1996-09-17,French,26302,214,31,19,17,17,17,0.0,56,\N,\N,34,20,1:36.226,202.473,11,2
139,1122,2024,2,77,Saudi Arabian Grand Prix,2024-03-09,17:00:00,2024-03-07,13:30:00,2024-03-07,17:00:00,2024-03-08,13:30:00,2024-03-08,17:00:00,\N,\N,839,1,7,20:15:59,22.502,22502,ocon,OCO,Esteban,Ocon,1996-09-17,French,26318,214,31,17,13,13,13,0.0,49,\N,\N,48,17,1:33.481,237.763,11,1
140,1123,2024,3,1,Australian Grand Prix,2024-03-24,04:00:00,2024-03-22,01:30:00,2024-03-22,05:00:00,2024-03-23,01:30:00,2024-03-23,05:00:00,\N,\N,839,1,9,15:15:55,18.287,18287,ocon,OCO,Esteban,Ocon,1996-09-17,French,26341,214,31,15,16,16,16,0.0,57,\N,\N,45,15,1:21.354,233.557,11,3
141,1123,2024,3,1,Australian Grand Prix,2024-03-24,04:00:00,2024-03-22,01:30:00,2024-03-22,05:00:00,2024-03-23,01:30:00,2024-03-23,05:00:00,\N,\N,839,2,16,15:25:58,30.626,30626,ocon,OCO,Esteban,Ocon,1996-09-17,French,26341,214,31,15,16,16,16,0.0,57,\N,\N,45,15,1:21.354,233.557,11,3
142,1123,2024,3,1,Australian Grand Prix,2024-03-24,04:00:00,2024-03-22,01:30:00,2024-03-22,05:00:00,2024-03-23,01:30:00,2024-03-23,05:00:00,\N,\N,839,3,42,16:02:51,18.007,18007,ocon,OCO,Esteban,Ocon,1996-09-17,French,26341,214,31,15,16,16,16,0.0,57,\N,\N,45,15,1:21.354,233.557,11,3
143,1124,2024,4,22,Japanese Grand Prix,2024-04-07,05:00:00,2024-04-05,02:30:00,2024-04-05,06:00:00,2024-04-06,02:30:00,2024-04-06,06:00:00,\N,\N,839,1,1,14:06:28,26:26.095,1586095,ocon,OCO,Esteban,Ocon,1996-09-17,French,26359,214,31,15,15,15,15,0.0,52,\N,\N,52,13,1:36.232,217.237,11,3
144,1124,2024,4,22,Japanese Grand Prix,2024-04-07,05:00:00,2024-04-05,02:30:00,2024-04-05,06:00:00,2024-04-06,02:30:00,2024-04-06,06:00:00,\N,\N,839,2,19,15:04:11,23.394,23394,ocon,OCO,Esteban,Ocon,1996-09-17,French,26359,214,31,15,15,15,15,0.0,52,\N,\N,52,13,1:36.232,217.237,11,3
145,1124,2024,4,22,Japanese Grand Prix,2024-04-07,05:00:00,2024-04-05,02:30:00,2024-04-05,06:00:00,2024-04-06,02:30:00,2024-04-06,06:00:00,\N,\N,839,3,33,15:27:33,24.181,24181,ocon,OCO,Esteban,Ocon,1996-09-17,French,26359,214,31,15,15,15,15,0.0,52,\N,\N,52,13,1:36.232,217.237,11,3
146,1125,2024,5,17,Chinese Grand Prix,2024-04-21,07:00:00,2024-04-19,03:30:00,2024-04-19,07:30:00,\N,\N,2024-04-20,07:00:00,2024-04-20,03:00:00,839,1,9,15:19:14,23.156,23156,ocon,OCO,Esteban,Ocon,1996-09-17,French,26375,214,31,13,11,11,11,0.0,56,+1:02.812,6115366,33,15,1:40.937,194.414,1,2
147,1125,2024,5,17,Chinese Grand Prix,2024-04-21,07:00:00,2024-04-19,03:30:00,2024-04-19,07:30:00,\N,\N,2024-04-20,07:00:00,2024-04-20,03:00:00,839,2,23,15:44:48,23.208,23208,ocon,OCO,Esteban,Ocon,1996-09-17,French,26375,214,31,13,11,11,11,0.0,56,+1:02.812,6115366,33,15,1:40.937,194.414,1,2
148,1126,2024,6,79,Miami Grand Prix,2024-05-05,20:00:00,2024-05-03,16:30:00,2024-05-03,20:30:00,\N,\N,2024-05-04,20:00:00,2024-05-04,16:00:00,839,1,22,16:38:08,22.663,22663,ocon,OCO,Esteban,Ocon,1996-09-17,French,26394,214,31,13,10,10,10,1.0,57,+39.746,5489622,51,16,1:32.037,211.688,1,1
149,1127,2024,7,21,Emilia Romagna Grand Prix,2024-05-19,13:00:00,2024-05-17,11:30:00,2024-05-17,15:00:00,2024-05-18,10:30:00,2024-05-18,14:00:00,\N,\N,839,1,25,15:37:56,30.659,30659,ocon,OCO,Esteban,Ocon,1996-09-17,French,26418,214,31,12,14,14,14,0.0,62,\N,\N,37,16,1:21.304,217.361,11,1
150,1129,2024,9,7,Canadian Grand Prix,2024-06-09,18:00:00,2024-06-07,17:30:00,2024-06-07,21:00:00,2024-06-08,16:30:00,2024-06-08,20:00:00,\N,\N,839,1,44,15:11:32,24.495,24495,ocon,OCO,Esteban,Ocon,1996-09-17,French,26454,214,31,18,10,10,10,1.0,70,+30.313,6378240,70,10,1:17.012,203.859,1,1
151,1121,2024,1,3,Bahrain Grand Prix,2024-03-02,15:00:00,2024-02-29,11:30:00,2024-02-29,15:00:00,2024-03-01,12:30:00,2024-03-01,16:00:00,\N,\N,840,1,9,18:18:42,24.418,24418,stroll,STR,Lance,Stroll,1998-10-29,Canadian,26295,117,18,12,10,10,10,1.0,57,+1:33.216,5597958,30,16,1:35.632,203.730,1,2
152,1121,2024,1,3,Bahrain Grand Prix,2024-03-02,15:00:00,2024-02-29,11:30:00,2024-02-29,15:00:00,2024-03-01,12:30:00,2024-03-01,16:00:00,\N,\N,840,2,27,18:48:25,24.545,24545,stroll,STR,Lance,Stroll,1998-10-29,Canadian,26295,117,18,12,10,10,10,1.0,57,+1:33.216,5597958,30,16,1:35.632,203.730,1,2
153,1123,2024,3,1,Australian Grand Prix,2024-03-24,04:00:00,2024-03-22,01:30:00,2024-03-22,05:00:00,2024-03-23,01:30:00,2024-03-23,05:00:00,\N,\N,840,1,8,15:14:26,17.901,17901,stroll,STR,Lance,Stroll,1998-10-29,Canadian,26331,117,18,9,6,6,6,8.0,58,+1:33.222,4920065,49,8,1:20.930,234.780,1,2
154,1123,2024,3,1,Australian Grand Prix,2024-03-24,04:00:00,2024-03-22,01:30:00,2024-03-22,05:00:00,2024-03-23,01:30:00,2024-03-23,05:00:00,\N,\N,840,2,37,15:55:19,17.977,17977,stroll,STR,Lance,Stroll,1998-10-29,Canadian,26331,117,18,9,6,6,6,8.0,58,+1:33.222,4920065,49,8,1:20.930,234.780,1,2
155,1124,2024,4,22,Japanese Grand Prix,2024-04-07,05:00:00,2024-04-05,02:30:00,2024-04-05,06:00:00,2024-04-06,02:30:00,2024-04-06,06:00:00,\N,\N,840,1,1,14:06:35,26:25.911,1585911,stroll,STR,Lance,Stroll,1998-10-29,Canadian,26356,117,18,16,12,12,12,0.0,52,\N,\N,41,12,1:35.798,218.221,11,4
156,1124,2024,4,22,Japanese Grand Prix,2024-04-07,05:00:00,2024-04-05,02:30:00,2024-04-05,06:00:00,2024-04-06,02:30:00,2024-04-06,06:00:00,\N,\N,840,2,12,14:52:17,23.358,23358,stroll,STR,Lance,Stroll,1998-10-29,Canadian,26356,117,18,16,12,12,12,0.0,52,\N,\N,41,12,1:35.798,218.221,11,4
157,1124,2024,4,22,Japanese Grand Prix,2024-04-07,05:00:00,2024-04-05,02:30:00,2024-04-05,06:00:00,2024-04-06,02:30:00,2024-04-06,06:00:00,\N,\N,840,3,22,15:09:06,23.238,23238,stroll,STR,Lance,Stroll,1998-10-29,Canadian,26356,117,18,16,12,12,12,0.0,52,\N,\N,41,12,1:35.798,218.221,11,4
158,1124,2024,4,22,Japanese Grand Prix,2024-04-07,05:00:00,2024-04-05,02:30:00,2024-04-05,06:00:00,2024-04-06,02:30:00,2024-04-06,06:00:00,\N,\N,840,4,34,15:28:58,22.911,22911,stroll,STR,Lance,Stroll,1998-10-29,Canadian,26356,117,18,16,12,12,12,0.0,52,\N,\N,41,12,1:35.798,218.221,11,4
159,1125,2024,5,17,Chinese Grand Prix,2024-04-21,07:00:00,2024-04-19,03:30:00,2024-04-19,07:30:00,\N,\N,2024-04-20,07:00:00,2024-04-20,03:00:00,840,1,9,15:19:10,23.823,23823,stroll,STR,Lance,Stroll,1998-10-29,Canadian,26379,117,18,11,15,15,15,0.0,56,+1:22.786,6135340,37,8,1:39.444,197.333,1,4
160,1125,2024,5,17,Chinese Grand Prix,2024-04-21,07:00:00,2024-04-19,03:30:00,2024-04-19,07:30:00,\N,\N,2024-04-20,07:00:00,2024-04-20,03:00:00,840,2,21,15:40:07,22.911,22911,stroll,STR,Lance,Stroll,1998-10-29,Canadian,26379,117,18,11,15,15,15,0.0,56,+1:22.786,6135340,37,8,1:39.444,197.333,1,4
161,1125,2024,5,17,Chinese Grand Prix,2024-04-21,07:00:00,2024-04-19,03:30:00,2024-04-19,07:30:00,\N,\N,2024-04-20,07:00:00,2024-04-20,03:00:00,840,3,26,15:51:46,1:33.274,93274,stroll,STR,Lance,Stroll,1998-10-29,Canadian,26379,117,18,11,15,15,15,0.0,56,+1:22.786,6135340,37,8,1:39.444,197.333,1,4
162,1125,2024,5,17,Chinese Grand Prix,2024-04-21,07:00:00,2024-04-19,03:30:00,2024-04-19,07:30:00,\N,\N,2024-04-20,07:00:00,2024-04-20,03:00:00,840,4,35,16:10:09,34.777,34777,stroll,STR,Lance,Stroll,1998-10-29,Canadian,26379,117,18,11,15,15,15,0.0,56,+1:22.786,6135340,37,8,1:39.444,197.333,1,4
163,1126,2024,6,79,Miami Grand Prix,2024-05-05,20:00:00,2024-05-03,16:30:00,2024-05-03,20:30:00,\N,\N,2024-05-04,20:00:00,2024-05-04,16:00:00,840,1,11,16:20:48,23.038,23038,stroll,STR,Lance,Stroll,1998-10-29,Canadian,26401,117,18,11,17,17,17,0.0,57,+55.173,5505049,57,9,1:31.588,212.726,1,2
164,1126,2024,6,79,Miami Grand Prix,2024-05-05,20:00:00,2024-05-03,16:30:00,2024-05-03,20:30:00,\N,\N,2024-05-04,20:00:00,2024-05-04,16:00:00,840,2,28,16:48:15,22.631,22631,stroll,STR,Lance,Stroll,1998-10-29,Canadian,26401,117,18,11,17,17,17,0.0,57,+55.173,5505049,57,9,1:31.588,212.726,1,2
165,1127,2024,7,21,Emilia Romagna Grand Prix,2024-05-19,13:00:00,2024-05-17,11:30:00,2024-05-17,15:00:00,2024-05-18,10:30:00,2024-05-18,14:00:00,\N,\N,840,1,37,15:54:22,29.971,29971,stroll,STR,Lance,Stroll,1998-10-29,Canadian,26413,117,18,13,9,9,9,2.0,63,+1:19.556,5204808,58,10,1:20.570,219.342,1,1
166,1128,2024,8,6,Monaco Grand Prix,2024-05-26,13:00:00,2024-05-24,11:30:00,2024-05-24,15:00:00,2024-05-25,10:30:00,2024-05-25,14:00:00,\N,\N,840,1,1,15:05:10,39:43.588,2383588,stroll,STR,Lance,Stroll,1998-10-29,Canadian,26438,117,18,13,14,14,14,0.0,76,\N,\N,\N,0,\N,\N,12,48
167,1128,2024,8,6,Monaco Grand Prix,2024-05-26,13:00:00,2024-05-24,11:30:00,2024-05-24,15:00:00,2024-05-25,10:30:00,2024-05-25,14:00:00,\N,\N,840,42,2,16:41:05,24.132,24132,stroll,STR,Lance,Stroll,1998-10-29,Canadian,26438,117,18,13,14,14,14,0.0,76,\N,\N,\N,0,\N,\N,12,48
168,1128,2024,8,6,Monaco Grand Prix,2024-05-26,13:00:00,2024-05-24,11:30:00,2024-05-24,15:00:00,2024-05-25,10:30:00,2024-05-25,14:00:00,\N,\N,840,48,3,16:49:27,28.211,28211,stroll,STR,Lance,Stroll,1998-10-29,Canadian,26438,117,18,13,14,14,14,0.0,76,\N,\N,\N,0,\N,\N,12,48
169,1129,2024,9,7,Canadian Grand Prix,2024-06-09,18:00:00,2024-06-07,17:30:00,2024-06-07,21:00:00,2024-06-08,16:30:00,2024-06-08,20:00:00,\N,\N,840,1,25,14:41:47,24.284,24284,stroll,STR,Lance,Stroll,1998-10-29,Canadian,26451,117,18,9,7,7,7,6.0,70,+23.625,6371552,70,9,1:16.762,204.523,1,2
170,1129,2024,9,7,Canadian Grand Prix,2024-06-09,18:00:00,2024-06-07,17:30:00,2024-06-07,21:00:00,2024-06-08,16:30:00,2024-06-08,20:00:00,\N,\N,840,2,44,15:11:30,25.025,25025,stroll,STR,Lance,Stroll,1998-10-29,Canadian,26451,117,18,9,7,7,7,6.0,70,+23.625,6371552,70,9,1:16.762,204.523,1,2
171,1121,2024,1,3,Bahrain Grand Prix,2024-03-02,15:00:00,2024-02-29,11:30:00,2024-02-29,15:00:00,2024-03-01,12:30:00,2024-03-01,16:00:00,\N,\N,842,1,12,18:23:38,29.980,29980,gasly,GAS,Pierre,Gasly,1996-02-07,French,26303,214,10,20,18,18,18,0.0,56,\N,\N,45,9,1:34.805,205.508,11,3
172,1121,2024,1,3,Bahrain Grand Prix,2024-03-02,15:00:00,2024-02-29,11:30:00,2024-02-29,15:00:00,2024-03-01,12:30:00,2024-03-01,16:00:00,\N,\N,842,2,31,18:55:10,26.462,26462,gasly,GAS,Pierre,Gasly,1996-02-07,French,26303,214,10,20,18,18,18,0.0,56,\N,\N,45,9,1:34.805,205.508,11,3
173,1121,2024,1,3,Bahrain Grand Prix,2024-03-02,15:00:00,2024-02-29,11:30:00,2024-02-29,15:00:00,2024-03-01,12:30:00,2024-03-01,16:00:00,\N,\N,842,3,43,19:14:55,25.240,25240,gasly,GAS,Pierre,Gasly,1996-02-07,French,26303,214,10,20,18,18,18,0.0,56,\N,\N,45,9,1:34.805,205.508,11,3
174,1123,2024,3,1,Australian Grand Prix,2024-03-24,04:00:00,2024-03-22,01:30:00,2024-03-22,05:00:00,2024-03-23,01:30:00,2024-03-23,05:00:00,\N,\N,842,1,17,15:27:32,20.316,20316,gasly,GAS,Pierre,Gasly,1996-02-07,French,26338,214,10,17,13,13,13,0.0,57,\N,\N,51,10,1:21.090,234.317,11,2
175,1123,2024,3,1,Australian Grand Prix,2024-03-24,04:00:00,2024-03-22,01:30:00,2024-03-22,05:00:00,2024-03-23,01:30:00,2024-03-23,05:00:00,\N,\N,842,2,41,16:01:21,17.682,17682,gasly,GAS,Pierre,Gasly,1996-02-07,French,26338,214,10,17,13,13,13,0.0,57,\N,\N,51,10,1:21.090,234.317,11,2
176,1124,2024,4,22,Japanese Grand Prix,2024-04-07,05:00:00,2024-04-05,02:30:00,2024-04-05,06:00:00,2024-04-06,02:30:00,2024-04-06,06:00:00,\N,\N,842,1,1,14:06:30,26:26.793,1586793,gasly,GAS,Pierre,Gasly,1996-02-07,French,26360,214,10,17,16,16,16,0.0,52,\N,\N,48,16,1:36.642,216.315,11,3
177,1124,2024,4,22,Japanese Grand Prix,2024-04-07,05:00:00,2024-04-05,02:30:00,2024-04-05,06:00:00,2024-04-06,02:30:00,2024-04-06,06:00:00,\N,\N,842,2,16,14:59:18,23.844,23844,gasly,GAS,Pierre,Gasly,1996-02-07,French,26360,214,10,17,16,16,16,0.0,52,\N,\N,48,16,1:36.642,216.315,11,3
178,1124,2024,4,22,Japanese Grand Prix,2024-04-07,05:00:00,2024-04-05,02:30:00,2024-04-05,06:00:00,2024-04-06,02:30:00,2024-04-06,06:00:00,\N,\N,842,3,32,15:26:03,23.102,23102,gasly,GAS,Pierre,Gasly,1996-02-07,French,26360,214,10,17,16,16,16,0.0,52,\N,\N,48,16,1:36.642,216.315,11,3
179,1125,2024,5,17,Chinese Grand Prix,2024-04-21,07:00:00,2024-04-19,03:30:00,2024-04-19,07:30:00,\N,\N,2024-04-20,07:00:00,2024-04-20,03:00:00,842,1,11,15:22:43,39.712,39712,gasly,GAS,Pierre,Gasly,1996-02-07,French,26377,214,10,15,13,13,13,0.0,56,+1:09.223,6121777,40,5,1:39.198,197.822,1,3
180,1125,2024,5,17,Chinese Grand Prix,2024-04-21,07:00:00,2024-04-19,03:30:00,2024-04-19,07:30:00,\N,\N,2024-04-20,07:00:00,2024-04-20,03:00:00,842,2,23,15:45:12,23.987,23987,gasly,GAS,Pierre,Gasly,1996-02-07,French,26377,214,10,15,13,13,13,0.0,56,+1:09.223,6121777,40,5,1:39.198,197.822,1,3
181,1125,2024,5,17,Chinese Grand Prix,2024-04-21,07:00:00,2024-04-19,03:30:00,2024-04-19,07:30:00,\N,\N,2024-04-20,07:00:00,2024-04-20,03:00:00,842,3,38,16:15:11,22.836,22836,gasly,GAS,Pierre,Gasly,1996-02-07,French,26377,214,10,15,13,13,13,0.0,56,+1:09.223,6121777,40,5,1:39.198,197.822,1,3
182,1126,2024,6,79,Miami Grand Prix,2024-05-05,20:00:00,2024-05-03,16:30:00,2024-05-03,20:30:00,\N,\N,2024-05-04,20:00:00,2024-05-04,16:00:00,842,1,12,16:22:22,22.466,22466,gasly,GAS,Pierre,Gasly,1996-02-07,French,26396,214,10,12,12,12,12,0.0,57,+44.958,5494834,56,17,1:32.055,211.647,1,1
183,1127,2024,7,21,Emilia Romagna Grand Prix,2024-05-19,13:00:00,2024-05-17,11:30:00,2024-05-17,15:00:00,2024-05-18,10:30:00,2024-05-18,14:00:00,\N,\N,842,1,8,15:14:26,30.081,30081,gasly,GAS,Pierre,Gasly,1996-02-07,French,26420,214,10,15,16,16,16,0.0,62,\N,\N,10,17,1:21.371,217.183,11,2
184,1127,2024,7,21,Emilia Romagna Grand Prix,2024-05-19,13:00:00,2024-05-17,11:30:00,2024-05-17,15:00:00,2024-05-18,10:30:00,2024-05-18,14:00:00,\N,\N,842,2,30,15:45:06,30.654,30654,gasly,GAS,Pierre,Gasly,1996-02-07,French,26420,214,10,15,16,16,16,0.0,62,\N,\N,10,17,1:21.371,217.183,11,2
185,1128,2024,8,6,Monaco Grand Prix,2024-05-26,13:00:00,2024-05-24,11:30:00,2024-05-24,15:00:00,2024-05-25,10:30:00,2024-05-25,14:00:00,\N,\N,842,1,1,15:05:07,39:41.893,2381893,gasly,GAS,Pierre,Gasly,1996-02-07,French,26434,214,10,10,10,10,10,1.0,77,\N,\N,\N,0,\N,\N,11,1
186,1129,2024,9,7,Canadian Grand Prix,2024-06-09,18:00:00,2024-06-07,17:30:00,2024-06-07,21:00:00,2024-06-08,16:30:00,2024-06-08,20:00:00,\N,\N,842,1,25,14:42:06,24.911,24911,gasly,GAS,Pierre,Gasly,1996-02-07,French,26453,214,10,15,9,9,9,2.0,70,+30.021,6377948,70,11,1:17.013,203.856,1,2
187,1129,2024,9,7,Canadian Grand Prix,2024-06-09,18:00:00,2024-06-07,17:30:00,2024-06-07,21:00:00,2024-06-08,16:30:00,2024-06-08,20:00:00,\N,\N,842,2,40,15:05:55,24.408,24408,gasly,GAS,Pierre,Gasly,1996-02-07,French,26453,214,10,15,9,9,9,2.0,70,+30.021,6377948,70,11,1:17.013,203.856,1,2
188,1121,2024,1,3,Bahrain Grand Prix,2024-03-02,15:00:00,2024-02-29,11:30:00,2024-02-29,15:00:00,2024-03-01,12:30:00,2024-03-01,16:00:00,\N,\N,844,1,11,18:21:41,24.069,24069,leclerc,LEC,Charles,Leclerc,1997-10-16,Monegasque,26289,6,16,2,4,4,4,12.0,57,+39.669,5544411,36,2,1:34.090,207.069,1,2
189,1121,2024,1,3,Bahrain Grand Prix,2024-03-02,15:00:00,2024-02-29,11:30:00,2024-02-29,15:00:00,2024-03-01,12:30:00,2024-03-01,16:00:00,\N,\N,844,2,34,18:59:13,24.136,24136,leclerc,LEC,Charles,Leclerc,1997-10-16,Monegasque,26289,6,16,2,4,4,4,12.0,57,+39.669,5544411,36,2,1:34.090,207.069,1,2
190,1122,2024,2,77,Saudi Arabian Grand Prix,2024-03-09,17:00:00,2024-03-07,13:30:00,2024-03-07,17:00:00,2024-03-08,13:30:00,2024-03-08,17:00:00,\N,\N,844,1,7,20:15:31,23.419,23419,leclerc,LEC,Charles,Leclerc,1997-10-16,Monegasque,26308,6,16,2,3,3,3,16.0,50,+18.639,4861912,50,1,1:31.632,242.561,1,1
191,1123,2024,3,1,Australian Grand Prix,2024-03-24,04:00:00,2024-03-22,01:30:00,2024-03-22,05:00:00,2024-03-23,01:30:00,2024-03-23,05:00:00,\N,\N,844,1,9,15:15:42,17.409,17409,leclerc,LEC,Charles,Leclerc,1997-10-16,Monegasque,26327,6,16,4,2,2,2,19.0,58,+2.366,4829209,56,1,1:19.813,238.066,1,2
192,1123,2024,3,1,Australian Grand Prix,2024-03-24,04:00:00,2024-03-22,01:30:00,2024-03-22,05:00:00,2024-03-23,01:30:00,2024-03-23,05:00:00,\N,\N,844,2,34,15:50:35,17.308,17308,leclerc,LEC,Charles,Leclerc,1997-10-16,Monegasque,26327,6,16,4,2,2,2,19.0,58,+2.366,4829209,56,1,1:19.813,238.066,1,2
193,1124,2024,4,22,Japanese Grand Prix,2024-04-07,05:00:00,2024-04-05,02:30:00,2024-04-05,06:00:00,2024-04-06,02:30:00,2024-04-06,06:00:00,\N,\N,844,1,1,14:06:13,26:23.333,1583333,leclerc,LEC,Charles,Leclerc,1997-10-16,Monegasque,26348,6,16,8,4,4,4,12.0,53,+26.522,6890088,53,9,1:35.044,219.952,1,2
194,1124,2024,4,22,Japanese Grand Prix,2024-04-07,05:00:00,2024-04-05,02:30:00,2024-04-05,06:00:00,2024-04-06,02:30:00,2024-04-06,06:00:00,\N,\N,844,2,26,15:15:01,23.285,23285,leclerc,LEC,Charles,Leclerc,1997-10-16,Monegasque,26348,6,16,8,4,4,4,12.0,53,+26.522,6890088,53,9,1:35.044,219.952,1,2
195,1125,2024,5,17,Chinese Grand Prix,2024-04-21,07:00:00,2024-04-19,03:30:00,2024-04-19,07:30:00,\N,\N,2024-04-20,07:00:00,2024-04-20,03:00:00,844,1,21,15:39:34,22.360,22360,leclerc,LEC,Charles,Leclerc,1997-10-16,Monegasque,26368,6,16,6,4,4,4,12.0,56,+23.623,6076177,33,6,1:39.384,197.452,1,1
196,1126,2024,6,79,Miami Grand Prix,2024-05-05,20:00:00,2024-05-03,16:30:00,2024-05-03,20:30:00,\N,\N,2024-05-04,20:00:00,2024-05-04,16:00:00,844,1,19,16:32:56,21.825,21825,leclerc,LEC,Charles,Leclerc,1997-10-16,Monegasque,26387,6,16,2,3,3,3,15.0,57,+9.920,5459796,56,6,1:31.084,213.903,1,1
197,1127,2024,7,21,Emilia Romagna Grand Prix,2024-05-19,13:00:00,2024-05-17,11:30:00,2024-05-17,15:00:00,2024-05-18,10:30:00,2024-05-18,14:00:00,\N,\N,844,1,25,15:37:15,30.149,30149,leclerc,LEC,Charles,Leclerc,1997-10-16,Monegasque,26407,6,16,3,3,3,3,15.0,63,+7.916,5133168,27,5,1:19.935,221.084,1,1
198,1128,2024,8,6,Monaco Grand Prix,2024-05-26,13:00:00,2024-05-24,11:30:00,2024-05-24,15:00:00,2024-05-25,10:30:00,2024-05-25,14:00:00,\N,\N,844,1,1,15:04:50,39:18.026,2358026,leclerc,LEC,Charles,Leclerc,1997-10-16,Monegasque,26425,6,16,1,1,1,1,25.0,78,2:23:15.554,8595554,\N,0,\N,\N,1,1
199,1129,2024,9,7,Canadian Grand Prix,2024-06-09,18:00:00,2024-06-07,17:30:00,2024-06-07,21:00:00,2024-06-08,16:30:00,2024-06-08,20:00:00,\N,\N,844,1,25,14:41:58,24.031,24031,leclerc,LEC,Charles,Leclerc,1997-10-16,Monegasque,26463,6,16,11,\N,R,19,0.0,40,\N,\N,39,19,1:26.012,182.528,5,3
200,1129,2024,9,7,Canadian Grand Prix,2024-06-09,18:00:00,2024-06-07,17:30:00,2024-06-07,21:00:00,2024-06-08,16:30:00,2024-06-08,20:00:00,\N,\N,844,2,28,14:47:31,47.186,47186,leclerc,LEC,Charles,Leclerc,1997-10-16,Monegasque,26463,6,16,11,\N,R,19,0.0,40,\N,\N,39,19,1:26.012,182.528,5,3
201,1129,2024,9,7,Canadian Grand Prix,2024-06-09,18:00:00,2024-06-07,17:30:00,2024-06-07,21:00:00,2024-06-08,16:30:00,2024-06-08,20:00:00,\N,\N,844,3,31,14:53:31,24.629,24629,leclerc,LEC,Charles,Leclerc,1997-10-16,Monegasque,26463,6,16,11,\N,R,19,0.0,40,\N,\N,39,19,1:26.012,182.528,5,3
202,1121,2024,1,3,Bahrain Grand Prix,2024-03-02,15:00:00,2024-02-29,11:30:00,2024-02-29,15:00:00,2024-03-01,12:30:00,2024-03-01,16:00:00,\N,\N,848,1,15,18:28:29,24.681,24681,albon,ALB,Alexander,Albon,1996-03-23,Thai,26300,3,23,13,15,15,15,0.0,56,\N,\N,40,17,1:35.723,203.537,11,2
203,1121,2024,1,3,Bahrain Grand Prix,2024-03-02,15:00:00,2024-02-29,11:30:00,2024-02-29,15:00:00,2024-03-01,12:30:00,2024-03-01,16:00:00,\N,\N,848,2,36,19:03:09,24.610,24610,albon,ALB,Alexander,Albon,1996-03-23,Thai,26300,3,23,13,15,15,15,0.0,56,\N,\N,40,17,1:35.723,203.537,11,2
204,1122,2024,2,77,Saudi Arabian Grand Prix,2024-03-09,17:00:00,2024-03-07,13:30:00,2024-03-07,17:00:00,2024-03-08,13:30:00,2024-03-08,17:00:00,\N,\N,848,1,7,20:15:53,21.723,21723,albon,ALB,Alexander,Albon,1996-03-23,Thai,26316,3,23,12,11,11,11,0.0,50,+1:28.354,4931627,50,9,1:32.307,240.787,1,1
205,1123,2024,3,1,Australian Grand Prix,2024-03-24,04:00:00,2024-03-22,01:30:00,2024-03-22,05:00:00,2024-03-23,01:30:00,2024-03-23,05:00:00,\N,\N,848,1,6,15:11:45,17.755,17755,albon,ALB,Alexander,Albon,1996-03-23,Thai,26336,3,23,12,11,11,11,0.0,57,\N,\N,46,17,1:21.618,232.801,11,2
206,1123,2024,3,1,Australian Grand Prix,2024-03-24,04:00:00,2024-03-22,01:30:00,2024-03-22,05:00:00,2024-03-23,01:30:00,2024-03-23,05:00:00,\N,\N,848,2,27,15:41:35,17.745,17745,albon,ALB,Alexander,Albon,1996-03-23,Thai,26336,3,23,12,11,11,11,0.0,57,\N,\N,46,17,1:21.618,232.801,11,2
207,1125,2024,5,17,Chinese Grand Prix,2024-04-21,07:00:00,2024-04-19,03:30:00,2024-04-19,07:30:00,\N,\N,2024-04-20,07:00:00,2024-04-20,03:00:00,848,1,9,15:19:15,23.273,23273,albon,ALB,Alexander,Albon,1996-03-23,Thai,26376,3,23,14,12,12,12,0.0,56,+1:05.506,6118060,34,12,1:40.790,194.697,1,2
208,1125,2024,5,17,Chinese Grand Prix,2024-04-21,07:00:00,2024-04-19,03:30:00,2024-04-19,07:30:00,\N,\N,2024-04-20,07:00:00,2024-04-20,03:00:00,848,2,23,15:44:57,23.600,23600,albon,ALB,Alexander,Albon,1996-03-23,Thai,26376,3,23,14,12,12,12,0.0,56,+1:05.506,6118060,34,12,1:40.790,194.697,1,2
209,1126,2024,6,79,Miami Grand Prix,2024-05-05,20:00:00,2024-05-03,16:30:00,2024-05-03,20:30:00,\N,\N,2024-05-04,20:00:00,2024-05-04,16:00:00,848,1,10,16:19:16,22.828,22828,albon,ALB,Alexander,Albon,1996-03-23,Thai,26402,3,23,14,18,18,18,0.0,57,+1:16.091,5525967,55,2,1:30.849,214.456,1,2
210,1126,2024,6,79,Miami Grand Prix,2024-05-05,20:00:00,2024-05-03,16:30:00,2024-05-03,20:30:00,\N,\N,2024-05-04,20:00:00,2024-05-04,16:00:00,848,2,53,17:29:03,22.567,22567,albon,ALB,Alexander,Albon,1996-03-23,Thai,26402,3,23,14,18,18,18,0.0,57,+1:16.091,5525967,55,2,1:30.849,214.456,1,2
211,1127,2024,7,21,Emilia Romagna Grand Prix,2024-05-19,13:00:00,2024-05-17,11:30:00,2024-05-17,15:00:00,2024-05-18,10:30:00,2024-05-18,14:00:00,\N,\N,848,1,8,15:14:25,30.050,30050,albon,ALB,Alexander,Albon,1996-03-23,Thai,26424,3,23,14,\N,R,20,0.0,51,\N,\N,48,15,1:21.274,217.442,31,4
212,1127,2024,7,21,Emilia Romagna Grand Prix,2024-05-19,13:00:00,2024-05-17,11:30:00,2024-05-17,15:00:00,2024-05-18,10:30:00,2024-05-18,14:00:00,\N,\N,848,2,9,15:17:08,33.179,33179,albon,ALB,Alexander,Albon,1996-03-23,Thai,26424,3,23,14,\N,R,20,0.0,51,\N,\N,48,15,1:21.274,217.442,31,4
213,1127,2024,7,21,Emilia Romagna Grand Prix,2024-05-19,13:00:00,2024-05-17,11:30:00,2024-05-17,15:00:00,2024-05-18,10:30:00,2024-05-18,14:00:00,\N,\N,848,3,23,15:36:52,38.413,38413,albon,ALB,Alexander,Albon,1996-03-23,Thai,26424,3,23,14,\N,R,20,0.0,51,\N,\N,48,15,1:21.274,217.442,31,4
214,1127,2024,7,21,Emilia Romagna Grand Prix,2024-05-19,13:00:00,2024-05-17,11:30:00,2024-05-17,15:00:00,2024-05-18,10:30:00,2024-05-18,14:00:00,\N,\N,848,4,28,15:44:25,31.131,31131,albon,ALB,Alexander,Albon,1996-03-23,Thai,26424,3,23,14,\N,R,20,0.0,51,\N,\N,48,15,1:21.274,217.442,31,4
215,1128,2024,8,6,Monaco Grand Prix,2024-05-26,13:00:00,2024-05-24,11:30:00,2024-05-24,15:00:00,2024-05-25,10:30:00,2024-05-25,14:00:00,\N,\N,848,1,1,15:05:05,39:41.390,2381390,albon,ALB,Alexander,Albon,1996-03-23,Thai,26433,3,23,9,9,9,9,2.0,77,\N,\N,\N,0,\N,\N,11,1
216,1129,2024,9,7,Canadian Grand Prix,2024-06-09,18:00:00,2024-06-07,17:30:00,2024-06-07,21:00:00,2024-06-08,16:30:00,2024-06-08,20:00:00,\N,\N,848,1,25,14:41:54,24.753,24753,albon,ALB,Alexander,Albon,1996-03-23,Thai,26461,3,23,10,\N,R,17,0.0,52,\N,\N,51,18,1:19.359,197.830,4,2
217,1129,2024,9,7,Canadian Grand Prix,2024-06-09,18:00:00,2024-06-07,17:30:00,2024-06-07,21:00:00,2024-06-08,16:30:00,2024-06-08,20:00:00,\N,\N,848,2,44,15:11:34,24.804,24804,albon,ALB,Alexander,Albon,1996-03-23,Thai,26461,3,23,10,\N,R,17,0.0,52,\N,\N,51,18,1:19.359,197.830,4,2
218,1121,2024,1,3,Bahrain Grand Prix,2024-03-02,15:00:00,2024-02-29,11:30:00,2024-02-29,15:00:00,2024-03-01,12:30:00,2024-03-01,16:00:00,\N,\N,846,1,13,18:25:00,24.205,24205,norris,NOR,Lando,Norris,1999-11-13,British,26291,1,4,7,6,6,6,8.0,57,+48.458,5553200,1,5,1:34.476,206.223,1,2
219,1121,2024,1,3,Bahrain Grand Prix,2024-03-02,15:00:00,2024-02-29,11:30:00,2024-02-29,15:00:00,2024-03-01,12:30:00,2024-03-01,16:00:00,\N,\N,846,2,33,18:57:39,24.705,24705,norris,NOR,Lando,Norris,1999-11-13,British,26291,1,4,7,6,6,6,8.0,57,+48.458,5553200,1,5,1:34.476,206.223,1,2
220,1122,2024,2,77,Saudi Arabian Grand Prix,2024-03-09,17:00:00,2024-03-07,13:30:00,2024-03-07,17:00:00,2024-03-08,13:30:00,2024-03-08,17:00:00,\N,\N,846,1,37,21:05:08,22.211,22211,norris,NOR,Lando,Norris,1999-11-13,British,26313,1,4,6,8,8,8,4.0,50,+45.708,4888981,1,4,1:31.944,241.738,1,1
221,1123,2024,3,1,Australian Grand Prix,2024-03-24,04:00:00,2024-03-22,01:30:00,2024-03-22,05:00:00,2024-03-23,01:30:00,2024-03-23,05:00:00,\N,\N,846,1,14,15:22:37,17.776,17776,norris,NOR,Lando,Norris,1999-11-13,British,26328,1,4,3,3,3,3,15.0,58,+5.904,4832747,1,2,1:19.915,237.762,1,2
222,1123,2024,3,1,Australian Grand Prix,2024-03-24,04:00:00,2024-03-22,01:30:00,2024-03-22,05:00:00,2024-03-23,01:30:00,2024-03-23,05:00:00,\N,\N,846,2,40,15:58:46,17.653,17653,norris,NOR,Lando,Norris,1999-11-13,British,26328,1,4,3,3,3,3,15.0,58,+5.904,4832747,1,2,1:19.915,237.762,1,2
223,1124,2024,4,22,Japanese Grand Prix,2024-04-07,05:00:00,2024-04-05,02:30:00,2024-04-05,06:00:00,2024-04-06,02:30:00,2024-04-06,06:00:00,\N,\N,846,1,1,14:05:54,26:20.116,1580116,norris,NOR,Lando,Norris,1999-11-13,British,26349,1,4,3,5,5,5,10.0,53,+29.700,6893266,1,10,1:35.186,219.624,1,3
224,1124,2024,4,22,Japanese Grand Prix,2024-04-07,05:00:00,2024-04-05,02:30:00,2024-04-05,06:00:00,2024-04-06,02:30:00,2024-04-06,06:00:00,\N,\N,846,2,11,14:50:21,23.049,23049,norris,NOR,Lando,Norris,1999-11-13,British,26349,1,4,3,5,5,5,10.0,53,+29.700,6893266,1,10,1:35.186,219.624,1,3
225,1124,2024,4,22,Japanese Grand Prix,2024-04-07,05:00:00,2024-04-05,02:30:00,2024-04-05,06:00:00,2024-04-06,02:30:00,2024-04-06,06:00:00,\N,\N,846,3,26,15:15:02,23.232,23232,norris,NOR,Lando,Norris,1999-11-13,British,26349,1,4,3,5,5,5,10.0,53,+29.700,6893266,1,10,1:35.186,219.624,1,3
226,1125,2024,5,17,Chinese Grand Prix,2024-04-21,07:00:00,2024-04-19,03:30:00,2024-04-19,07:30:00,\N,\N,2024-04-20,07:00:00,2024-04-20,03:00:00,846,1,22,15:41:37,22.161,22161,norris,NOR,Lando,Norris,1999-11-13,British,26366,1,4,4,2,2,2,18.0,56,+13.773,6066327,1,4,1:38.751,198.717,1,1
227,1126,2024,6,79,Miami Grand Prix,2024-05-05,20:00:00,2024-05-03,16:30:00,2024-05-03,20:30:00,\N,\N,2024-05-04,20:00:00,2024-05-04,16:00:00,846,1,29,16:49:15,22.041,22041,norris,NOR,Lando,Norris,1999-11-13,British,26385,1,4,5,1,1,1,25.0,57,1:30:49.876,5449876,55,5,1:30.980,214.148,1,1
228,1127,2024,7,21,Emilia Romagna Grand Prix,2024-05-19,13:00:00,2024-05-17,11:30:00,2024-05-17,15:00:00,2024-05-18,10:30:00,2024-05-18,14:00:00,\N,\N,846,1,22,15:33:08,29.956,29956,norris,NOR,Lando,Norris,1999-11-13,British,26406,1,4,2,2,2,2,18.0,63,+0.725,5125977,54,6,1:19.994,220.921,1,1
229,1128,2024,8,6,Monaco Grand Prix,2024-05-26,13:00:00,2024-05-24,11:30:00,2024-05-24,15:00:00,2024-05-25,10:30:00,2024-05-25,14:00:00,\N,\N,846,1,1,15:04:54,39:25.538,2365538,norris,NOR,Lando,Norris,1999-11-13,British,26428,1,4,4,4,4,4,12.0,78,+8.650,8604204,\N,0,\N,\N,1,1
230,1129,2024,9,7,Canadian Grand Prix,2024-06-09,18:00:00,2024-06-07,17:30:00,2024-06-07,21:00:00,2024-06-08,16:30:00,2024-06-08,20:00:00,\N,\N,846,1,26,14:42:44,23.423,23423,norris,NOR,Lando,Norris,1999-11-13,British,26446,1,4,3,2,2,2,18.0,70,+3.879,6351806,67,3,1:15.558,207.782,1,2
231,1129,2024,9,7,Canadian Grand Prix,2024-06-09,18:00:00,2024-06-07,17:30:00,2024-06-07,21:00:00,2024-06-08,16:30:00,2024-06-08,20:00:00,\N,\N,846,2,47,15:15:19,23.983,23983,norris,NOR,Lando,Norris,1999-11-13,British,26446,1,4,3,2,2,2,18.0,70,+3.879,6351806,67,3,1:15.558,207.782,1,2
232,1121,2024,1,3,Bahrain Grand Prix,2024-03-02,15:00:00,2024-02-29,11:30:00,2024-02-29,15:00:00,2024-03-01,12:30:00,2024-03-01,16:00:00,\N,\N,847,1,11,18:21:38,24.778,24778,russell,RUS,George,Russell,1998-02-15,British,26290,131,63,3,5,5,5,10.0,57,+46.788,5551530,40,12,1:35.065,204.946,1,2
233,1121,2024,1,3,Bahrain Grand Prix,2024-03-02,15:00:00,2024-02-29,11:30:00,2024-02-29,15:00:00,2024-03-01,12:30:00,2024-03-01,16:00:00,\N,\N,847,2,31,18:54:21,24.866,24866,russell,RUS,George,Russell,1998-02-15,British,26290,131,63,3,5,5,5,10.0,57,+46.788,5551530,40,12,1:35.065,204.946,1,2
234,1122,2024,2,77,Saudi Arabian Grand Prix,2024-03-09,17:00:00,2024-03-07,13:30:00,2024-03-07,17:00:00,2024-03-08,13:30:00,2024-03-08,17:00:00,\N,\N,847,1,7,20:15:42,21.013,21013,russell,RUS,George,Russell,1998-02-15,British,26311,131,63,7,6,6,6,8.0,50,+39.936,4883209,42,7,1:32.254,240.926,1,1
235,1123,2024,3,1,Australian Grand Prix,2024-03-24,04:00:00,2024-03-22,01:30:00,2024-03-22,05:00:00,2024-03-23,01:30:00,2024-03-23,05:00:00,\N,\N,847,1,8,15:14:23,18.046,18046,russell,RUS,George,Russell,1998-02-15,British,26342,131,63,7,17,17,17,0.0,56,\N,\N,53,5,1:20.284,236.669,3,2
236,1123,2024,3,1,Australian Grand Prix,2024-03-24,04:00:00,2024-03-22,01:30:00,2024-03-22,05:00:00,2024-03-23,01:30:00,2024-03-23,05:00:00,\N,\N,847,2,45,16:06:07,17.964,17964,russell,RUS,George,Russell,1998-02-15,British,26342,131,63,7,17,17,17,0.0,56,\N,\N,53,5,1:20.284,236.669,3,2
237,1124,2024,4,22,Japanese Grand Prix,2024-04-07,05:00:00,2024-04-05,02:30:00,2024-04-05,06:00:00,2024-04-06,02:30:00,2024-04-06,06:00:00,\N,\N,847,1,1,14:06:18,26:21.238,1581238,russell,RUS,George,Russell,1998-02-15,British,26351,131,63,9,7,7,7,6.0,53,+45.951,6909517,39,5,1:34.404,221.444,1,3
238,1124,2024,4,22,Japanese Grand Prix,2024-04-07,05:00:00,2024-04-05,02:30:00,2024-04-05,06:00:00,2024-04-06,02:30:00,2024-04-06,06:00:00,\N,\N,847,2,22,15:08:39,23.577,23577,russell,RUS,George,Russell,1998-02-15,British,26351,131,63,9,7,7,7,6.0,53,+45.951,6909517,39,5,1:34.404,221.444,1,3
239,1124,2024,4,22,Japanese Grand Prix,2024-04-07,05:00:00,2024-04-05,02:30:00,2024-04-05,06:00:00,2024-04-06,02:30:00,2024-04-06,06:00:00,\N,\N,847,3,37,15:33:07,22.991,22991,russell,RUS,George,Russell,1998-02-15,British,26351,131,63,9,7,7,7,6.0,53,+45.951,6909517,39,5,1:34.404,221.444,1,3
240,1125,2024,5,17,Chinese Grand Prix,2024-04-21,07:00:00,2024-04-19,03:30:00,2024-04-19,07:30:00,\N,\N,2024-04-20,07:00:00,2024-04-20,03:00:00,847,1,11,15:22:32,22.415,22415,russell,RUS,George,Russell,1998-02-15,British,26370,131,63,8,6,6,6,8.0,56,+38.724,6091278,39,11,1:40.112,196.016,1,2
241,1125,2024,5,17,Chinese Grand Prix,2024-04-21,07:00:00,2024-04-19,03:30:00,2024-04-19,07:30:00,\N,\N,2024-04-20,07:00:00,2024-04-20,03:00:00,847,2,23,15:44:25,22.707,22707,russell,RUS,George,Russell,1998-02-15,British,26370,131,63,8,6,6,6,8.0,56,+38.724,6091278,39,11,1:40.112,196.016,1,2
242,1126,2024,6,79,Miami Grand Prix,2024-05-05,20:00:00,2024-05-03,16:30:00,2024-05-03,20:30:00,\N,\N,2024-05-04,20:00:00,2024-05-04,16:00:00,847,1,24,16:41:18,22.800,22800,russell,RUS,George,Russell,1998-02-15,British,26392,131,63,7,8,8,8,4.0,57,+34.789,5484665,43,13,1:31.921,211.955,1,1
243,1127,2024,7,21,Emilia Romagna Grand Prix,2024-05-19,13:00:00,2024-05-17,11:30:00,2024-05-17,15:00:00,2024-05-18,10:30:00,2024-05-18,14:00:00,\N,\N,847,1,21,15:31:57,29.664,29664,russell,RUS,George,Russell,1998-02-15,British,26411,131,63,6,7,7,7,7.0,63,+47.154,5172406,54,1,1:18.589,224.871,1,2
244,1127,2024,7,21,Emilia Romagna Grand Prix,2024-05-19,13:00:00,2024-05-17,11:30:00,2024-05-17,15:00:00,2024-05-18,10:30:00,2024-05-18,14:00:00,\N,\N,847,2,52,16:14:22,29.605,29605,russell,RUS,George,Russell,1998-02-15,British,26411,131,63,6,7,7,7,7.0,63,+47.154,5172406,54,1,1:18.589,224.871,1,2
245,1128,2024,8,6,Monaco Grand Prix,2024-05-26,13:00:00,2024-05-24,11:30:00,2024-05-24,15:00:00,2024-05-25,10:30:00,2024-05-25,14:00:00,\N,\N,847,1,1,15:04:56,39:29.363,2369363,russell,RUS,George,Russell,1998-02-15,British,26429,131,63,5,5,5,5,10.0,78,+13.309,8608863,\N,0,\N,\N,1,1
246,1129,2024,9,7,Canadian Grand Prix,2024-06-09,18:00:00,2024-06-07,17:30:00,2024-06-07,21:00:00,2024-06-08,16:30:00,2024-06-08,20:00:00,\N,\N,847,1,25,14:40:52,24.044,24044,russell,RUS,George,Russell,1998-02-15,British,26447,131,63,1,3,3,3,15.0,70,+4.317,6352244,70,2,1:14.895,209.621,1,3
247,1129,2024,9,7,Canadian Grand Prix,2024-06-09,18:00:00,2024-06-07,17:30:00,2024-06-07,21:00:00,2024-06-08,16:30:00,2024-06-08,20:00:00,\N,\N,847,2,45,15:12:31,25.431,25431,russell,RUS,George,Russell,1998-02-15,British,26447,131,63,1,3,3,3,15.0,70,+4.317,6352244,70,2,1:14.895,209.621,1,3
248,1129,2024,9,7,Canadian Grand Prix,2024-06-09,18:00:00,2024-06-07,17:30:00,2024-06-07,21:00:00,2024-06-08,16:30:00,2024-06-08,20:00:00,\N,\N,847,3,54,15:25:19,28.157,28157,russell,RUS,George,Russell,1998-02-15,British,26447,131,63,1,3,3,3,15.0,70,+4.317,6352244,70,2,1:14.895,209.621,1,3
249,1121,2024,1,3,Bahrain Grand Prix,2024-03-02,15:00:00,2024-02-29,11:30:00,2024-02-29,15:00:00,2024-03-01,12:30:00,2024-03-01,16:00:00,\N,\N,852,1,14,18:26:47,24.724,24724,tsunoda,TSU,Yuki,Tsunoda,2000-05-11,Japanese,26299,215,22,11,14,14,14,0.0,56,\N,\N,37,18,1:35.833,203.303,11,2
250,1121,2024,1,3,Bahrain Grand Prix,2024-03-02,15:00:00,2024-02-29,11:30:00,2024-02-29,15:00:00,2024-03-01,12:30:00,2024-03-01,16:00:00,\N,\N,852,2,34,18:59:47,24.324,24324,tsunoda,TSU,Yuki,Tsunoda,2000-05-11,Japanese,26299,215,22,11,14,14,14,0.0,56,\N,\N,37,18,1:35.833,203.303,11,2
251,1122,2024,2,77,Saudi Arabian Grand Prix,2024-03-09,17:00:00,2024-03-07,13:30:00,2024-03-07,17:00:00,2024-03-08,13:30:00,2024-03-08,17:00:00,\N,\N,852,1,7,20:15:51,21.694,21694,tsunoda,TSU,Yuki,Tsunoda,2000-05-11,Japanese,26320,215,22,9,15,15,15,0.0,49,\N,\N,49,15,1:33.026,238.926,11,1
252,1123,2024,3,1,Australian Grand Prix,2024-03-24,04:00:00,2024-03-22,01:30:00,2024-03-22,05:00:00,2024-03-23,01:30:00,2024-03-23,05:00:00,\N,\N,852,1,9,15:15:50,18.523,18523,tsunoda,TSU,Yuki,Tsunoda,2000-05-11,Japanese,26332,215,22,8,7,7,7,6.0,58,+1:35.601,4922444,46,11,1:21.134,234.190,1,2
253,1123,2024,3,1,Australian Grand Prix,2024-03-24,04:00:00,2024-03-22,01:30:00,2024-03-22,05:00:00,2024-03-23,01:30:00,2024-03-23,05:00:00,\N,\N,852,2,36,15:53:59,17.535,17535,tsunoda,TSU,Yuki,Tsunoda,2000-05-11,Japanese,26332,215,22,8,7,7,7,6.0,58,+1:35.601,4922444,46,11,1:21.134,234.190,1,2
254,1124,2024,4,22,Japanese Grand Prix,2024-04-07,05:00:00,2024-04-05,02:30:00,2024-04-05,06:00:00,2024-04-06,02:30:00,2024-04-06,06:00:00,\N,\N,852,1,1,14:06:25,26:24.553,1584553,tsunoda,TSU,Yuki,Tsunoda,2000-05-11,Japanese,26354,215,22,10,10,10,10,1.0,52,\N,\N,51,14,1:36.342,216.989,11,3
255,1124,2024,4,22,Japanese Grand Prix,2024-04-07,05:00:00,2024-04-05,02:30:00,2024-04-05,06:00:00,2024-04-06,02:30:00,2024-04-06,06:00:00,\N,\N,852,2,7,14:43:59,23.358,23358,tsunoda,TSU,Yuki,Tsunoda,2000-05-11,Japanese,26354,215,22,10,10,10,10,1.0,52,\N,\N,51,14,1:36.342,216.989,11,3
256,1124,2024,4,22,Japanese Grand Prix,2024-04-07,05:00:00,2024-04-05,02:30:00,2024-04-05,06:00:00,2024-04-06,02:30:00,2024-04-06,06:00:00,\N,\N,852,3,22,15:09:05,23.486,23486,tsunoda,TSU,Yuki,Tsunoda,2000-05-11,Japanese,26354,215,22,10,10,10,10,1.0,52,\N,\N,51,14,1:36.342,216.989,11,3
257,1125,2024,5,17,Chinese Grand Prix,2024-04-21,07:00:00,2024-04-19,03:30:00,2024-04-19,07:30:00,\N,\N,2024-04-20,07:00:00,2024-04-20,03:00:00,852,1,8,15:17:35,23.160,23160,tsunoda,TSU,Yuki,Tsunoda,2000-05-11,Japanese,26383,215,22,19,\N,R,19,0.0,26,\N,\N,11,20,1:41.593,193.158,31,2
258,1125,2024,5,17,Chinese Grand Prix,2024-04-21,07:00:00,2024-04-19,03:30:00,2024-04-19,07:30:00,\N,\N,2024-04-20,07:00:00,2024-04-20,03:00:00,852,2,23,15:44:54,22.387,22387,tsunoda,TSU,Yuki,Tsunoda,2000-05-11,Japanese,26383,215,22,19,\N,R,19,0.0,26,\N,\N,11,20,1:41.593,193.158,31,2
259,1126,2024,6,79,Miami Grand Prix,2024-05-05,20:00:00,2024-05-03,16:30:00,2024-05-03,20:30:00,\N,\N,2024-05-04,20:00:00,2024-05-04,16:00:00,852,1,28,16:47:44,22.153,22153,tsunoda,TSU,Yuki,Tsunoda,2000-05-11,Japanese,26391,215,22,10,7,7,7,6.0,57,+26.185,5476061,55,10,1:31.682,212.508,1,1
260,1127,2024,7,21,Emilia Romagna Grand Prix,2024-05-19,13:00:00,2024-05-17,11:30:00,2024-05-17,15:00:00,2024-05-18,10:30:00,2024-05-18,14:00:00,\N,\N,852,1,12,15:19:49,29.628,29628,tsunoda,TSU,Yuki,Tsunoda,2000-05-11,Japanese,26414,215,22,7,10,10,10,1.0,62,\N,\N,14,11,1:20.936,218.350,11,1
261,1128,2024,8,6,Monaco Grand Prix,2024-05-26,13:00:00,2024-05-24,11:30:00,2024-05-24,15:00:00,2024-05-25,10:30:00,2024-05-25,14:00:00,\N,\N,852,1,1,15:05:02,39:37.564,2377564,tsunoda,TSU,Yuki,Tsunoda,2000-05-11,Japanese,26432,215,22,8,8,8,8,4.0,77,\N,\N,\N,0,\N,\N,11,1
262,1129,2024,9,7,Canadian Grand Prix,2024-06-09,18:00:00,2024-06-07,17:30:00,2024-06-07,21:00:00,2024-06-08,16:30:00,2024-06-08,20:00:00,\N,\N,852,1,44,15:11:26,25.569,25569,tsunoda,TSU,Yuki,Tsunoda,2000-05-11,Japanese,26458,215,22,8,14,14,14,0.0,70,+52.694,6400621,70,14,1:17.309,203.075,1,1
263,1121,2024,1,3,Bahrain Grand Prix,2024-03-02,15:00:00,2024-02-29,11:30:00,2024-02-29,15:00:00,2024-03-01,12:30:00,2024-03-01,16:00:00,\N,\N,855,1,9,18:18:39,25.208,25208,zhou,ZHO,Guanyu,Zhou,1999-05-30,Chinese,26296,15,24,17,11,11,11,0.0,56,\N,\N,30,14,1:35.458,204.102,11,2
264,1121,2024,1,3,Bahrain Grand Prix,2024-03-02,15:00:00,2024-02-29,11:30:00,2024-02-29,15:00:00,2024-03-01,12:30:00,2024-03-01,16:00:00,\N,\N,855,2,28,18:49:59,25.094,25094,zhou,ZHO,Guanyu,Zhou,1999-05-30,Chinese,26296,15,24,17,11,11,11,0.0,56,\N,\N,30,14,1:35.458,204.102,11,2
265,1122,2024,2,77,Saudi Arabian Grand Prix,2024-03-09,17:00:00,2024-03-07,13:30:00,2024-03-07,17:00:00,2024-03-08,13:30:00,2024-03-08,17:00:00,\N,\N,855,1,41,21:12:03,46.381,46381,zhou,ZHO,Guanyu,Zhou,1999-05-30,Chinese,26323,15,24,20,18,18,18,0.0,49,\N,\N,49,6,1:32.208,241.046,11,1
266,1123,2024,3,1,Australian Grand Prix,2024-03-24,04:00:00,2024-03-22,01:30:00,2024-03-22,05:00:00,2024-03-23,01:30:00,2024-03-23,05:00:00,\N,\N,855,1,6,15:11:49,19.032,19032,zhou,ZHO,Guanyu,Zhou,1999-05-30,Chinese,26340,15,24,19,15,15,15,0.0,57,\N,\N,49,14,1:21.327,233.634,11,2
267,1123,2024,3,1,Australian Grand Prix,2024-03-24,04:00:00,2024-03-22,01:30:00,2024-03-22,05:00:00,2024-03-23,01:30:00,2024-03-23,05:00:00,\N,\N,855,2,35,15:52:50,36.866,36866,zhou,ZHO,Guanyu,Zhou,1999-05-30,Chinese,26340,15,24,19,15,15,15,0.0,57,\N,\N,49,14,1:21.327,233.634,11,2
268,1124,2024,4,22,Japanese Grand Prix,2024-04-07,05:00:00,2024-04-05,02:30:00,2024-04-05,06:00:00,2024-04-06,02:30:00,2024-04-06,06:00:00,\N,\N,855,1,1,14:06:50,26:22.912,1582912,zhou,ZHO,Guanyu,Zhou,1999-05-30,Chinese,26362,15,24,20,\N,R,18,0.0,12,\N,\N,9,18,1:37.160,215.162,6,3
269,1124,2024,4,22,Japanese Grand Prix,2024-04-07,05:00:00,2024-04-05,02:30:00,2024-04-05,06:00:00,2024-04-06,02:30:00,2024-04-06,06:00:00,\N,\N,855,2,7,14:44:07,23.910,23910,zhou,ZHO,Guanyu,Zhou,1999-05-30,Chinese,26362,15,24,20,\N,R,18,0.0,12,\N,\N,9,18,1:37.160,215.162,6,3
270,1124,2024,4,22,Japanese Grand Prix,2024-04-07,05:00:00,2024-04-05,02:30:00,2024-04-05,06:00:00,2024-04-06,02:30:00,2024-04-06,06:00:00,\N,\N,855,3,11,14:51:01,26.653,26653,zhou,ZHO,Guanyu,Zhou,1999-05-30,Chinese,26362,15,24,20,\N,R,18,0.0,12,\N,\N,9,18,1:37.160,215.162,6,3
271,1125,2024,5,17,Chinese Grand Prix,2024-04-21,07:00:00,2024-04-19,03:30:00,2024-04-19,07:30:00,\N,\N,2024-04-20,07:00:00,2024-04-20,03:00:00,855,1,8,15:17:39,23.362,23362,zhou,ZHO,Guanyu,Zhou,1999-05-30,Chinese,26378,15,24,16,14,14,14,0.0,56,+1:11.689,6124243,42,3,1:38.633,198.955,1,3
272,1125,2024,5,17,Chinese Grand Prix,2024-04-21,07:00:00,2024-04-19,03:30:00,2024-04-19,07:30:00,\N,\N,2024-04-20,07:00:00,2024-04-20,03:00:00,855,2,23,15:45:02,25.610,25610,zhou,ZHO,Guanyu,Zhou,1999-05-30,Chinese,26378,15,24,16,14,14,14,0.0,56,+1:11.689,6124243,42,3,1:38.633,198.955,1,3
273,1125,2024,5,17,Chinese Grand Prix,2024-04-21,07:00:00,2024-04-19,03:30:00,2024-04-19,07:30:00,\N,\N,2024-04-20,07:00:00,2024-04-20,03:00:00,855,3,40,16:18:35,23.252,23252,zhou,ZHO,Guanyu,Zhou,1999-05-30,Chinese,26378,15,24,16,14,14,14,0.0,56,+1:11.689,6124243,42,3,1:38.633,198.955,1,3
274,1126,2024,6,79,Miami Grand Prix,2024-05-05,20:00:00,2024-05-03,16:30:00,2024-05-03,20:30:00,\N,\N,2024-05-04,20:00:00,2024-05-04,16:00:00,855,1,28,16:48:01,23.017,23017,zhou,ZHO,Guanyu,Zhou,1999-05-30,Chinese,26398,15,24,19,14,14,14,0.0,57,+49.979,5499855,56,15,1:31.991,211.794,1,1
275,1127,2024,7,21,Emilia Romagna Grand Prix,2024-05-19,13:00:00,2024-05-17,11:30:00,2024-05-17,15:00:00,2024-05-18,10:30:00,2024-05-18,14:00:00,\N,\N,855,1,33,15:49:09,30.244,30244,zhou,ZHO,Guanyu,Zhou,1999-05-30,Chinese,26419,15,24,17,15,15,15,0.0,62,\N,\N,37,13,1:21.016,218.134,11,1
276,1128,2024,8,6,Monaco Grand Prix,2024-05-26,13:00:00,2024-05-24,11:30:00,2024-05-24,15:00:00,2024-05-25,10:30:00,2024-05-25,14:00:00,\N,\N,855,1,1,15:05:31,39:46.414,2386414,zhou,ZHO,Guanyu,Zhou,1999-05-30,Chinese,26440,15,24,18,16,16,16,0.0,76,\N,\N,\N,0,\N,\N,12,70
277,1128,2024,8,6,Monaco Grand Prix,2024-05-26,13:00:00,2024-05-24,11:30:00,2024-05-24,15:00:00,2024-05-25,10:30:00,2024-05-25,14:00:00,\N,\N,855,70,2,17:19:04,24.367,24367,zhou,ZHO,Guanyu,Zhou,1999-05-30,Chinese,26440,15,24,18,16,16,16,0.0,76,\N,\N,\N,0,\N,\N,12,70
278,1129,2024,9,7,Canadian Grand Prix,2024-06-09,18:00:00,2024-06-07,17:30:00,2024-06-07,21:00:00,2024-06-08,16:30:00,2024-06-08,20:00:00,\N,\N,855,1,24,14:40:42,25.598,25598,zhou,ZHO,Guanyu,Zhou,1999-05-30,Chinese,26459,15,24,0,15,15,15,0.0,69,\N,\N,68,15,1:17.325,203.033,11,3
279,1129,2024,9,7,Canadian Grand Prix,2024-06-09,18:00:00,2024-06-07,17:30:00,2024-06-07,21:00:00,2024-06-08,16:30:00,2024-06-08,20:00:00,\N,\N,855,2,44,15:11:53,1:05.564,65564,zhou,ZHO,Guanyu,Zhou,1999-05-30,Chinese,26459,15,24,0,15,15,15,0.0,69,\N,\N,68,15,1:17.325,203.033,11,3
280,1129,2024,9,7,Canadian Grand Prix,2024-06-09,18:00:00,2024-06-07,17:30:00,2024-06-07,21:00:00,2024-06-08,16:30:00,2024-06-08,20:00:00,\N,\N,855,3,52,15:25:02,28.375,28375,zhou,ZHO,Guanyu,Zhou,1999-05-30,Chinese,26459,15,24,0,15,15,15,0.0,69,\N,\N,68,15,1:17.325,203.033,11,3
281,1121,2024,1,3,Bahrain Grand Prix,2024-03-02,15:00:00,2024-02-29,11:30:00,2024-02-29,15:00:00,2024-03-01,12:30:00,2024-03-01,16:00:00,\N,\N,858,1,10,18:21:19,35.729,35729,sargeant,SAR,Logan,Sargeant,2000-12-31,American,26305,3,2,18,20,20,20,0.0,55,\N,\N,42,8,1:34.735,205.659,12,3
282,1121,2024,1,3,Bahrain Grand Prix,2024-03-02,15:00:00,2024-02-29,11:30:00,2024-02-29,15:00:00,2024-03-01,12:30:00,2024-03-01,16:00:00,\N,\N,858,2,28,18:51:33,25.070,25070,sargeant,SAR,Logan,Sargeant,2000-12-31,American,26305,3,2,18,20,20,20,0.0,55,\N,\N,42,8,1:34.735,205.659,12,3
283,1121,2024,1,3,Bahrain Grand Prix,2024-03-02,15:00:00,2024-02-29,11:30:00,2024-02-29,15:00:00,2024-03-01,12:30:00,2024-03-01,16:00:00,\N,\N,858,3,40,19:11:22,25.346,25346,sargeant,SAR,Logan,Sargeant,2000-12-31,American,26305,3,2,18,20,20,20,0.0,55,\N,\N,42,8,1:34.735,205.659,12,3
284,1122,2024,2,77,Saudi Arabian Grand Prix,2024-03-09,17:00:00,2024-03-07,13:30:00,2024-03-07,17:00:00,2024-03-08,13:30:00,2024-03-08,17:00:00,\N,\N,858,1,7,20:16:01,23.645,23645,sargeant,SAR,Logan,Sargeant,2000-12-31,American,26319,3,2,19,14,14,14,0.0,49,\N,\N,44,18,1:33.523,237.657,11,1
285,1124,2024,4,22,Japanese Grand Prix,2024-04-07,05:00:00,2024-04-05,02:30:00,2024-04-05,06:00:00,2024-04-06,02:30:00,2024-04-06,06:00:00,\N,\N,858,1,1,14:06:43,26:25.267,1585267,sargeant,SAR,Logan,Sargeant,2000-12-31,American,26361,3,2,19,17,17,17,0.0,52,\N,\N,43,8,1:34.900,220.286,11,4
286,1124,2024,4,22,Japanese Grand Prix,2024-04-07,05:00:00,2024-04-05,02:30:00,2024-04-05,06:00:00,2024-04-06,02:30:00,2024-04-06,06:00:00,\N,\N,858,2,22,15:09:04,25.530,25530,sargeant,SAR,Logan,Sargeant,2000-12-31,American,26361,3,2,19,17,17,17,0.0,52,\N,\N,43,8,1:34.900,220.286,11,4
287,1124,2024,4,22,Japanese Grand Prix,2024-04-07,05:00:00,2024-04-05,02:30:00,2024-04-05,06:00:00,2024-04-06,02:30:00,2024-04-06,06:00:00,\N,\N,858,3,34,15:29:04,24.220,24220,sargeant,SAR,Logan,Sargeant,2000-12-31,American,26361,3,2,19,17,17,17,0.0,52,\N,\N,43,8,1:34.900,220.286,11,4
288,1124,2024,4,22,Japanese Grand Prix,2024-04-07,05:00:00,2024-04-05,02:30:00,2024-04-05,06:00:00,2024-04-06,02:30:00,2024-04-06,06:00:00,\N,\N,858,4,41,15:41:24,23.287,23287,sargeant,SAR,Logan,Sargeant,2000-12-31,American,26361,3,2,19,17,17,17,0.0,52,\N,\N,43,8,1:34.900,220.286,11,4
289,1125,2024,5,17,Chinese Grand Prix,2024-04-21,07:00:00,2024-04-19,03:30:00,2024-04-19,07:30:00,\N,\N,2024-04-20,07:00:00,2024-04-20,03:00:00,858,1,12,15:24:34,23.229,23229,sargeant,SAR,Logan,Sargeant,2000-12-31,American,26381,3,2,20,17,17,17,0.0,56,+1:35.110,6147664,14,17,1:41.000,194.293,1,2
290,1125,2024,5,17,Chinese Grand Prix,2024-04-21,07:00:00,2024-04-19,03:30:00,2024-04-19,07:30:00,\N,\N,2024-04-20,07:00:00,2024-04-20,03:00:00,858,2,24,15:47:14,22.684,22684,sargeant,SAR,Logan,Sargeant,2000-12-31,American,26381,3,2,20,17,17,17,0.0,56,+1:35.110,6147664,14,17,1:41.000,194.293,1,2
291,1126,2024,6,79,Miami Grand Prix,2024-05-05,20:00:00,2024-05-03,16:30:00,2024-05-03,20:30:00,\N,\N,2024-05-04,20:00:00,2024-05-04,16:00:00,858,1,11,16:20:52,22.611,22611,sargeant,SAR,Logan,Sargeant,2000-12-31,American,26404,3,2,17,\N,R,20,0.0,27,\N,\N,15,20,1:33.452,208.483,4,1
292,1127,2024,7,21,Emilia Romagna Grand Prix,2024-05-19,13:00:00,2024-05-17,11:30:00,2024-05-17,15:00:00,2024-05-18,10:30:00,2024-05-18,14:00:00,\N,\N,858,1,31,15:46:28,31.085,31085,sargeant,SAR,Logan,Sargeant,2000-12-31,American,26421,3,2,19,17,17,17,0.0,62,\N,\N,55,14,1:21.229,217.562,11,1
293,1128,2024,8,6,Monaco Grand Prix,2024-05-26,13:00:00,2024-05-24,11:30:00,2024-05-24,15:00:00,2024-05-25,10:30:00,2024-05-25,14:00:00,\N,\N,858,1,1,15:05:16,39:51.600,2391600,sargeant,SAR,Logan,Sargeant,2000-12-31,American,26439,3,2,15,15,15,15,0.0,76,\N,\N,\N,0,\N,\N,12,57
294,1128,2024,8,6,Monaco Grand Prix,2024-05-26,13:00:00,2024-05-24,11:30:00,2024-05-24,15:00:00,2024-05-25,10:30:00,2024-05-25,14:00:00,\N,\N,858,57,2,17:01:43,24.384,24384,sargeant,SAR,Logan,Sargeant,2000-12-31,American,26439,3,2,15,15,15,15,0.0,76,\N,\N,\N,0,\N,\N,12,57
295,1121,2024,1,3,Bahrain Grand Prix,2024-03-02,15:00:00,2024-02-29,11:30:00,2024-02-29,15:00:00,2024-03-01,12:30:00,2024-03-01,16:00:00,\N,\N,857,1,12,18:23:24,25.450,25450,piastri,PIA,Oscar,Piastri,2001-04-06,Australian,26293,1,81,8,8,8,8,4.0,57,+56.082,5560824,1,11,1:34.983,205.123,1,2
296,1121,2024,1,3,Bahrain Grand Prix,2024-03-02,15:00:00,2024-02-29,11:30:00,2024-02-29,15:00:00,2024-03-01,12:30:00,2024-03-01,16:00:00,\N,\N,857,2,34,18:59:20,24.852,24852,piastri,PIA,Oscar,Piastri,2001-04-06,Australian,26293,1,81,8,8,8,8,4.0,57,+56.082,5560824,1,11,1:34.983,205.123,1,2
297,1122,2024,2,77,Saudi Arabian Grand Prix,2024-03-09,17:00:00,2024-03-07,13:30:00,2024-03-07,17:00:00,2024-03-08,13:30:00,2024-03-08,17:00:00,\N,\N,857,1,7,20:15:36,21.427,21427,piastri,PIA,Oscar,Piastri,2001-04-06,Australian,26309,1,81,5,4,4,4,12.0,50,+32.007,4875280,1,10,1:32.310,240.779,1,1
298,1123,2024,3,1,Australian Grand Prix,2024-03-24,04:00:00,2024-03-22,01:30:00,2024-03-22,05:00:00,2024-03-23,01:30:00,2024-03-23,05:00:00,\N,\N,857,1,9,15:15:43,17.573,17573,piastri,PIA,Oscar,Piastri,2001-04-06,Australian,26329,1,81,5,4,4,4,12.0,58,+35.770,4862613,1,4,1:20.199,236.920,1,2
299,1123,2024,3,1,Australian Grand Prix,2024-03-24,04:00:00,2024-03-22,01:30:00,2024-03-22,05:00:00,2024-03-23,01:30:00,2024-03-23,05:00:00,\N,\N,857,2,39,15:57:32,18.533,18533,piastri,PIA,Oscar,Piastri,2001-04-06,Australian,26329,1,81,5,4,4,4,12.0,58,+35.770,4862613,1,4,1:20.199,236.920,1,2
300,1124,2024,4,22,Japanese Grand Prix,2024-04-07,05:00:00,2024-04-05,02:30:00,2024-04-05,06:00:00,2024-04-06,02:30:00,2024-04-06,06:00:00,\N,\N,857,1,1,14:06:03,26:20.204,1580204,piastri,PIA,Oscar,Piastri,2001-04-06,Australian,26352,1,81,6,8,8,8,4.0,53,+47.525,6911091,1,7,1:34.802,220.514,1,3
301,1124,2024,4,22,Japanese Grand Prix,2024-04-07,05:00:00,2024-04-05,02:30:00,2024-04-05,06:00:00,2024-04-06,02:30:00,2024-04-06,06:00:00,\N,\N,857,2,12,14:52:06,23.420,23420,piastri,PIA,Oscar,Piastri,2001-04-06,Australian,26352,1,81,6,8,8,8,4.0,53,+47.525,6911091,1,7,1:34.802,220.514,1,3
302,1124,2024,4,22,Japanese Grand Prix,2024-04-07,05:00:00,2024-04-05,02:30:00,2024-04-05,06:00:00,2024-04-06,02:30:00,2024-04-06,06:00:00,\N,\N,857,3,32,15:25:00,22.848,22848,piastri,PIA,Oscar,Piastri,2001-04-06,Australian,26352,1,81,6,8,8,8,4.0,53,+47.525,6911091,1,7,1:34.802,220.514,1,3
303,1125,2024,5,17,Chinese Grand Prix,2024-04-21,07:00:00,2024-04-19,03:30:00,2024-04-19,07:30:00,\N,\N,2024-04-20,07:00:00,2024-04-20,03:00:00,857,1,16,15:31:03,22.673,22673,piastri,PIA,Oscar,Piastri,2001-04-06,Australian,26372,1,81,5,8,8,8,4.0,56,+56.198,6108752,1,9,1:39.739,196.749,1,2
304,1125,2024,5,17,Chinese Grand Prix,2024-04-21,07:00:00,2024-04-19,03:30:00,2024-04-19,07:30:00,\N,\N,2024-04-20,07:00:00,2024-04-20,03:00:00,857,2,24,15:46:41,22.262,22262,piastri,PIA,Oscar,Piastri,2001-04-06,Australian,26372,1,81,5,8,8,8,4.0,56,+56.198,6108752,1,9,1:39.739,196.749,1,2
305,1126,2024,6,79,Miami Grand Prix,2024-05-05,20:00:00,2024-05-03,16:30:00,2024-05-03,20:30:00,\N,\N,2024-05-04,20:00:00,2024-05-04,16:00:00,857,1,27,16:45:31,22.216,22216,piastri,PIA,Oscar,Piastri,2001-04-06,Australian,26397,1,81,6,13,13,13,0.0,57,+49.756,5499632,43,1,1:30.634,214.965,1,2
306,1126,2024,6,79,Miami Grand Prix,2024-05-05,20:00:00,2024-05-03,16:30:00,2024-05-03,20:30:00,\N,\N,2024-05-04,20:00:00,2024-05-04,16:00:00,857,2,40,17:08:34,30.409,30409,piastri,PIA,Oscar,Piastri,2001-04-06,Australian,26397,1,81,6,13,13,13,0.0,57,+49.756,5499632,43,1,1:30.634,214.965,1,2
307,1127,2024,7,21,Emilia Romagna Grand Prix,2024-05-19,13:00:00,2024-05-17,11:30:00,2024-05-17,15:00:00,2024-05-18,10:30:00,2024-05-18,14:00:00,\N,\N,857,1,23,15:34:37,29.770,29770,piastri,PIA,Oscar,Piastri,2001-04-06,Australian,26408,1,81,5,4,4,4,12.0,63,+14.132,5139384,25,4,1:19.907,221.162,1,1
308,1128,2024,8,6,Monaco Grand Prix,2024-05-26,13:00:00,2024-05-24,11:30:00,2024-05-24,15:00:00,2024-05-25,10:30:00,2024-05-25,14:00:00,\N,\N,857,1,1,15:04:52,39:17.645,2357645,piastri,PIA,Oscar,Piastri,2001-04-06,Australian,26426,1,81,2,2,2,2,18.0,78,+7.152,8602706,\N,0,\N,\N,1,1
309,1129,2024,9,7,Canadian Grand Prix,2024-06-09,18:00:00,2024-06-07,17:30:00,2024-06-07,21:00:00,2024-06-08,16:30:00,2024-06-08,20:00:00,\N,\N,857,1,25,14:40:53,23.977,23977,piastri,PIA,Oscar,Piastri,2001-04-06,Australian,26449,1,81,4,5,5,5,10.0,70,+10.199,6358126,65,5,1:16.247,205.904,1,2
310,1129,2024,9,7,Canadian Grand Prix,2024-06-09,18:00:00,2024-06-07,17:30:00,2024-06-07,21:00:00,2024-06-08,16:30:00,2024-06-08,20:00:00,\N,\N,857,2,44,15:11:10,23.476,23476,piastri,PIA,Oscar,Piastri,2001-04-06,Australian,26449,1,81,4,5,5,5,10.0,70,+10.199,6358126,65,5,1:16.247,205.904,1,2
311,1122,2024,2,77,Saudi Arabian Grand Prix,2024-03-09,17:00:00,2024-03-07,13:30:00,2024-03-07,17:00:00,2024-03-08,13:30:00,2024-03-08,17:00:00,\N,\N,860,1,7,20:15:51,22.457,22457,bearman,BEA,Oliver,Bearman,2005-05-08,British,26312,6,38,11,7,7,7,6.0,50,+42.679,4885952,50,5,1:32.186,241.103,1,1
