,raceId,year,round,circuitId,driverId,grid,positionOrder,fastestLapTime,points_y,wins,RaceWinner
659,1098,2023,1,3,4,5,3,1:36.156,15.0,0,0
660,1098,2023,1,3,4,5,3,1:36.156,15.0,0,0
661,1099,2023,2,77,4,2,3,1:32.240,30.0,0,0
662,1100,2023,3,1,4,4,3,1:20.476,45.0,0,0
663,1100,2023,3,1,4,4,3,1:20.476,45.0,0,0
664,1100,2023,3,1,4,4,3,1:20.476,45.0,0,0
665,1101,2023,4,73,4,6,4,1:44.241,60.0,0,0
666,1102,2023,5,79,4,2,3,1:30.519,75.0,0,0
667,1104,2023,6,6,4,2,2,1:16.674,93.0,0,0
668,1104,2023,6,6,4,2,2,1:16.674,93.0,0,0
669,1105,2023,7,4,4,8,7,1:18.083,99.0,0,0
670,1105,2023,7,4,4,8,7,1:18.083,99.0,0,0
671,1106,2023,8,7,4,2,2,1:15.779,117.0,0,0
672,1106,2023,8,7,4,2,2,1:15.779,117.0,0,0
673,1107,2023,9,70,4,7,5,1:09.108,131.0,0,0
674,1107,2023,9,70,4,7,5,1:09.108,131.0,0,0
675,1107,2023,9,70,4,7,5,1:09.108,131.0,0,0
676,1108,2023,10,9,4,9,7,1:31.338,137.0,0,0
677,1109,2023,11,11,4,8,9,1:22.745,139.0,0,0
678,1109,2023,11,11,4,8,9,1:22.745,139.0,0,0
679,1110,2023,12,13,4,9,5,1:50.938,149.0,0,0
680,1110,2023,12,13,4,9,5,1:50.938,149.0,0,0
681,1111,2023,13,39,4,5,2,1:13.837,168.0,0,0
682,1111,2023,13,39,4,5,2,1:13.837,168.0,0,0
683,1111,2023,13,39,4,5,2,1:13.837,168.0,0,0
684,1111,2023,13,39,4,5,2,1:13.837,168.0,0,0
685,1111,2023,13,39,4,5,2,1:13.837,168.0,0,0
686,1112,2023,14,14,4,10,9,1:26.105,170.0,0,0
687,1113,2023,15,15,4,7,15,1:36.456,170.0,0,0
688,1113,2023,15,15,4,7,15,1:36.456,170.0,0,0
689,1114,2023,16,22,4,10,8,1:37.203,174.0,0,0
690,1114,2023,16,22,4,10,8,1:37.203,174.0,0,0
691,1115,2023,17,78,4,4,6,1:26.045,183.0,0,0
692,1115,2023,17,78,4,4,6,1:26.045,183.0,0,0
693,1115,2023,17,78,4,4,6,1:26.045,183.0,0,0
694,1116,2023,18,69,4,0,16,1:39.954,183.0,0,0
695,1116,2023,18,69,4,0,16,1:39.954,183.0,0,0
696,1117,2023,19,32,4,13,18,1:23.531,183.0,0,0
697,1117,2023,19,32,4,13,18,1:23.531,183.0,0,0
698,1118,2023,20,18,4,4,3,1:14.442,198.0,0,0
699,1118,2023,20,18,4,4,3,1:14.442,198.0,0,0
700,1118,2023,20,18,4,4,3,1:14.442,198.0,0,0
701,1118,2023,20,18,4,4,3,1:14.442,198.0,0,0
702,1119,2023,21,80,4,9,9,1:36.559,200.0,0,0
703,1119,2023,21,80,4,9,9,1:36.559,200.0,0,0
704,1120,2023,22,24,4,7,7,1:28.256,206.0,0,0
705,1120,2023,22,24,4,7,7,1:28.256,206.0,0,0
2264,1098,2023,1,3,1,7,5,1:36.546,10.0,0,0
2265,1098,2023,1,3,1,7,5,1:36.546,10.0,0,0
2266,1099,2023,2,77,1,7,5,1:32.941,20.0,0,0
2267,1100,2023,3,1,1,3,2,1:20.613,38.0,0,0
2268,1100,2023,3,1,1,3,2,1:20.613,38.0,0,0
2269,1100,2023,3,1,1,3,2,1:20.613,38.0,0,0
2270,1101,2023,4,73,1,5,6,1:45.346,48.0,0,0
2271,1102,2023,5,79,1,13,6,1:30.669,56.0,0,0
2272,1104,2023,6,6,1,5,4,1:15.650,69.0,0,0
2273,1104,2023,6,6,1,5,4,1:15.650,69.0,0,0
2274,1105,2023,7,4,1,4,2,1:16.676,87.0,0,0
2275,1105,2023,7,4,1,4,2,1:16.676,87.0,0,0
2276,1106,2023,8,7,1,3,3,1:15.396,102.0,0,0
2277,1106,2023,8,7,1,3,3,1:15.396,102.0,0,0
2278,1107,2023,9,70,1,5,8,1:09.160,106.0,0,0
2279,1107,2023,9,70,1,5,8,1:09.160,106.0,0,0
2280,1107,2023,9,70,1,5,8,1:09.160,106.0,0,0
2281,1108,2023,10,9,1,7,3,1:30.545,121.0,0,0
2282,1109,2023,11,11,1,1,4,1:21.601,133.0,0,0
2283,1109,2023,11,11,1,1,4,1:21.601,133.0,0,0
2284,1110,2023,12,13,1,3,4,1:47.305,148.0,0,0
2285,1110,2023,12,13,1,3,4,1:47.305,148.0,0,0
2286,1110,2023,12,13,1,3,4,1:47.305,148.0,0,0
2287,1111,2023,13,39,1,13,6,1:13.904,156.0,0,0
2288,1111,2023,13,39,1,13,6,1:13.904,156.0,0,0
2289,1111,2023,13,39,1,13,6,1:13.904,156.0,0,0
2290,1111,2023,13,39,1,13,6,1:13.904,156.0,0,0
2291,1111,2023,13,39,1,13,6,1:13.904,156.0,0,0
2292,1112,2023,14,14,1,8,6,1:25.582,164.0,0,0
2293,1113,2023,15,15,1,5,3,1:35.867,180.0,0,0
2294,1113,2023,15,15,1,5,3,1:35.867,180.0,0,0
2295,1114,2023,16,22,1,7,5,1:35.611,190.0,0,0
2296,1114,2023,16,22,1,7,5,1:35.611,190.0,0,0
2297,1116,2023,18,69,1,3,19,1:39.582,201.0,0,0
2298,1116,2023,18,69,1,3,19,1:39.582,201.0,0,0
2299,1117,2023,19,32,1,6,2,1:21.334,220.0,0,0
2300,1117,2023,19,32,1,6,2,1:21.334,220.0,0,0
2301,1118,2023,20,18,1,5,8,1:14.739,226.0,0,0
2302,1118,2023,20,18,1,5,8,1:14.739,226.0,0,0
2303,1118,2023,20,18,1,5,8,1:14.739,226.0,0,0
2304,1118,2023,20,18,1,5,8,1:14.739,226.0,0,0
2305,1119,2023,21,80,1,10,7,1:35.716,232.0,0,0
2306,1119,2023,21,80,1,10,7,1:35.716,232.0,0,0
2307,1120,2023,22,24,1,11,9,1:28.372,234.0,0,0
2308,1120,2023,22,24,1,11,9,1:28.372,234.0,0,0
3804,1098,2023,1,3,815,2,2,1:36.344,18.0,0,0
3805,1098,2023,1,3,815,2,2,1:36.344,18.0,0,0
3806,1099,2023,2,77,815,1,1,1:32.188,43.0,1,1
3807,1100,2023,3,1,815,0,5,1:20.235,54.0,1,0
3808,1100,2023,3,1,815,0,5,1:20.235,54.0,1,0
3809,1100,2023,3,1,815,0,5,1:20.235,54.0,1,0
3810,1100,2023,3,1,815,0,5,1:20.235,54.0,1,0
3811,1100,2023,3,1,815,0,5,1:20.235,54.0,1,0
3812,1101,2023,4,73,815,3,1,1:44.589,87.0,2,1
3813,1102,2023,5,79,815,1,2,1:30.560,105.0,2,0
3814,1104,2023,6,6,815,20,16,1:16.269,105.0,2,0
3815,1104,2023,6,6,815,20,16,1:16.269,105.0,2,0
3816,1104,2023,6,6,815,20,16,1:16.269,105.0,2,0
3817,1104,2023,6,6,815,20,16,1:16.269,105.0,2,0
3818,1104,2023,6,6,815,20,16,1:16.269,105.0,2,0
3819,1105,2023,7,4,815,11,4,1:16.666,117.0,2,0
3820,1105,2023,7,4,815,11,4,1:16.666,117.0,2,0
3821,1106,2023,8,7,815,12,6,1:14.481,126.0,2,0
3822,1106,2023,8,7,815,12,6,1:14.481,126.0,2,0
3823,1107,2023,9,70,815,15,3,1:08.111,148.0,2,0
3824,1107,2023,9,70,815,15,3,1:08.111,148.0,2,0
3825,1107,2023,9,70,815,15,3,1:08.111,148.0,2,0
3826,1108,2023,10,9,815,15,6,1:30.914,156.0,2,0
3827,1109,2023,11,11,815,9,3,1:22.295,171.0,2,0
3828,1109,2023,11,11,815,9,3,1:22.295,171.0,2,0
3829,1110,2023,12,13,815,2,2,1:50.308,189.0,2,0
3830,1110,2023,12,13,815,2,2,1:50.308,189.0,2,0
3831,1111,2023,13,39,815,7,4,1:14.231,201.0,2,0
3832,1111,2023,13,39,815,7,4,1:14.231,201.0,2,0
3833,1111,2023,13,39,815,7,4,1:14.231,201.0,2,0
3834,1111,2023,13,39,815,7,4,1:14.231,201.0,2,0
3835,1111,2023,13,39,815,7,4,1:14.231,201.0,2,0
3836,1111,2023,13,39,815,7,4,1:14.231,201.0,2,0
3837,1112,2023,14,14,815,5,2,1:25.522,219.0,2,0
3838,1113,2023,15,15,815,13,8,1:37.108,223.0,2,0
3839,1114,2023,16,22,815,5,19,1:39.704,223.0,2,0
3840,1114,2023,16,22,815,5,19,1:39.704,223.0,2,0
3841,1114,2023,16,22,815,5,19,1:39.704,223.0,2,0
3842,1114,2023,16,22,815,5,19,1:39.704,223.0,2,0
3843,1115,2023,17,78,815,0,10,1:26.220,224.0,2,0
3844,1115,2023,17,78,815,0,10,1:26.220,224.0,2,0
3845,1115,2023,17,78,815,0,10,1:26.220,224.0,2,0
3846,1116,2023,18,69,815,9,4,1:39.737,240.0,2,0
3847,1116,2023,18,69,815,9,4,1:39.737,240.0,2,0
3848,1118,2023,20,18,815,9,4,1:14.124,258.0,2,0
3849,1118,2023,20,18,815,9,4,1:14.124,258.0,2,0
3850,1118,2023,20,18,815,9,4,1:14.124,258.0,2,0
3851,1118,2023,20,18,815,9,4,1:14.124,258.0,2,0
3852,1119,2023,21,80,815,11,3,1:35.939,273.0,2,0
3853,1119,2023,21,80,815,11,3,1:35.939,273.0,2,0
3854,1120,2023,22,24,815,9,4,1:27.493,285.0,2,0
3855,1120,2023,22,24,815,9,4,1:27.493,285.0,2,0
4632,1109,2023,11,11,817,13,13,1:23.934,0.0,0,0
4633,1109,2023,11,11,817,13,13,1:23.934,0.0,0,0
4634,1110,2023,12,13,817,19,16,1:50.994,0.0,0,0
4635,1110,2023,12,13,817,19,16,1:50.994,0.0,0,0
4636,1116,2023,18,69,817,14,15,1:39.366,0.0,0,0
4637,1116,2023,18,69,817,14,15,1:39.366,0.0,0,0
4638,1117,2023,19,32,817,4,7,1:22.679,6.0,0,0
4639,1117,2023,19,32,817,4,7,1:22.679,6.0,0,0
4640,1118,2023,20,18,817,17,13,1:13.866,6.0,0,0
4641,1118,2023,20,18,817,17,13,1:13.866,6.0,0,0
4642,1118,2023,20,18,817,17,13,1:13.866,6.0,0,0
4643,1118,2023,20,18,817,17,13,1:13.866,6.0,0,0
4644,1119,2023,21,80,817,14,14,1:37.108,6.0,0,0
4645,1120,2023,22,24,817,15,11,1:28.571,6.0,0,0
4646,1120,2023,22,24,817,15,11,1:28.571,6.0,0,0
5580,1098,2023,1,3,807,10,15,1:36.616,0.0,0,0
5581,1098,2023,1,3,807,10,15,1:36.616,0.0,0,0
5582,1098,2023,1,3,807,10,15,1:36.616,0.0,0,0
5583,1099,2023,2,77,807,10,12,1:33.780,0.0,0,0
5584,1100,2023,3,1,807,10,7,1:21.124,6.0,0,0
5585,1100,2023,3,1,807,10,7,1:21.124,6.0,0,0
5586,1100,2023,3,1,807,10,7,1:21.124,6.0,0,0
5587,1101,2023,4,73,807,0,17,1:46.731,6.0,0,0
5588,1102,2023,5,79,807,12,15,1:30.901,6.0,0,0
5589,1104,2023,6,6,807,18,17,1:16.991,6.0,0,0
5590,1104,2023,6,6,807,18,17,1:16.991,6.0,0,0
5591,1104,2023,6,6,807,18,17,1:16.991,6.0,0,0
5592,1105,2023,7,4,807,7,15,1:18.776,6.0,0,0
5593,1105,2023,7,4,807,7,15,1:18.776,6.0,0,0
5594,1105,2023,7,4,807,7,15,1:18.776,6.0,0,0
5595,1106,2023,8,7,807,5,15,1:17.232,6.0,0,0
5596,1106,2023,8,7,807,5,15,1:17.232,6.0,0,0
5597,1107,2023,9,70,807,8,20,1:11.066,9.0,0,0
5598,1107,2023,9,70,807,8,20,1:11.066,9.0,0,0
5599,1108,2023,10,9,807,11,13,1:31.776,9.0,0,0
5600,1108,2023,10,9,807,11,13,1:31.776,9.0,0,0
5601,1109,2023,11,11,807,10,14,1:23.573,9.0,0,0
5602,1109,2023,11,11,807,10,14,1:23.573,9.0,0,0
5603,1110,2023,12,13,807,0,18,1:49.907,9.0,0,0
5604,1110,2023,12,13,807,0,18,1:49.907,9.0,0,0
5605,1111,2023,13,39,807,14,12,1:14.472,9.0,0,0
5606,1111,2023,13,39,807,14,12,1:14.472,9.0,0,0
5607,1111,2023,13,39,807,14,12,1:14.472,9.0,0,0
5608,1111,2023,13,39,807,14,12,1:14.472,9.0,0,0
5609,1111,2023,13,39,807,14,12,1:14.472,9.0,0,0
5610,1112,2023,14,14,807,13,17,1:25.894,9.0,0,0
5611,1112,2023,14,14,807,13,17,1:25.894,9.0,0,0
5612,1113,2023,15,15,807,9,13,1:39.923,9.0,0,0
5613,1114,2023,16,22,807,18,14,1:37.250,9.0,0,0
5614,1114,2023,16,22,807,18,14,1:37.250,9.0,0,0
5615,1114,2023,16,22,807,18,14,1:37.250,9.0,0,0
5616,1115,2023,17,78,807,14,16,1:26.489,9.0,0,0
5617,1115,2023,17,78,807,14,16,1:26.489,9.0,0,0
5618,1115,2023,17,78,807,14,16,1:26.489,9.0,0,0
5619,1116,2023,18,69,807,0,11,1:40.925,9.0,0,0
5620,1116,2023,18,69,807,0,11,1:40.925,9.0,0,0
5621,1117,2023,19,32,807,12,13,1:23.222,9.0,0,0
5622,1117,2023,19,32,807,12,13,1:23.222,9.0,0,0
5623,1118,2023,20,18,807,11,12,1:15.036,9.0,0,0
5624,1118,2023,20,18,807,11,12,1:15.036,9.0,0,0
5625,1118,2023,20,18,807,11,12,1:15.036,9.0,0,0
5626,1118,2023,20,18,807,11,12,1:15.036,9.0,0,0
5627,1119,2023,21,80,807,13,19,1:37.565,9.0,0,0
5628,1119,2023,21,80,807,13,19,1:37.565,9.0,0,0
5629,1120,2023,22,24,807,8,15,1:29.217,9.0,0,0
5630,1120,2023,22,24,807,8,15,1:29.217,9.0,0,0
6453,1098,2023,1,3,822,12,8,1:37.379,4.0,0,0
6454,1098,2023,1,3,822,12,8,1:37.379,4.0,0,0
6455,1099,2023,2,77,822,14,18,1:34.384,4.0,0,0
6456,1099,2023,2,77,822,14,18,1:34.384,4.0,0,0
6457,1099,2023,2,77,822,14,18,1:34.384,4.0,0,0
6458,1100,2023,3,1,822,0,11,1:22.233,4.0,0,0
6459,1100,2023,3,1,822,0,11,1:22.233,4.0,0,0
6460,1100,2023,3,1,822,0,11,1:22.233,4.0,0,0
6461,1100,2023,3,1,822,0,11,1:22.233,4.0,0,0
6462,1100,2023,3,1,822,0,11,1:22.233,4.0,0,0
6463,1100,2023,3,1,822,0,11,1:22.233,4.0,0,0
6464,1101,2023,4,73,822,13,18,1:46.304,4.0,0,0
6465,1101,2023,4,73,822,13,18,1:46.304,4.0,0,0
6466,1101,2023,4,73,822,13,18,1:46.304,4.0,0,0
6467,1102,2023,5,79,822,10,13,1:31.838,4.0,0,0
6468,1104,2023,6,6,822,15,11,1:17.824,4.0,0,0
6469,1105,2023,7,4,822,16,19,1:18.242,4.0,0,0
6470,1105,2023,7,4,822,16,19,1:18.242,4.0,0,0
6471,1106,2023,8,7,822,14,10,1:16.625,5.0,0,0
6472,1107,2023,9,70,822,14,15,1:09.940,5.0,0,0
6473,1107,2023,9,70,822,14,15,1:09.940,5.0,0,0
6474,1107,2023,9,70,822,14,15,1:09.940,5.0,0,0
6475,1108,2023,10,9,822,20,12,1:31.852,5.0,0,0
6476,1109,2023,11,11,822,7,12,1:23.651,5.0,0,0
6477,1109,2023,11,11,822,7,12,1:23.651,5.0,0,0
6478,1110,2023,12,13,822,13,12,1:50.515,5.0,0,0
6479,1110,2023,12,13,822,13,12,1:50.515,5.0,0,0
6480,1111,2023,13,39,822,18,14,1:14.698,5.0,0,0
6481,1111,2023,13,39,822,18,14,1:14.698,5.0,0,0
6482,1111,2023,13,39,822,18,14,1:14.698,5.0,0,0
6483,1111,2023,13,39,822,18,14,1:14.698,5.0,0,0
6484,1111,2023,13,39,822,18,14,1:14.698,5.0,0,0
6485,1112,2023,14,14,822,14,10,1:25.988,6.0,0,0
6486,1113,2023,15,15,822,16,17,1:38.075,6.0,0,0
6487,1114,2023,16,22,822,16,20,2:02.755,6.0,0,0
6488,1114,2023,16,22,822,16,20,2:02.755,6.0,0,0
6489,1115,2023,17,78,822,9,8,1:26.652,10.0,0,0
6490,1115,2023,17,78,822,9,8,1:26.652,10.0,0,0
6491,1115,2023,17,78,822,9,8,1:26.652,10.0,0,0
6492,1116,2023,18,69,822,13,12,1:41.972,10.0,0,0
6493,1116,2023,18,69,822,13,12,1:41.972,10.0,0,0
6494,1117,2023,19,32,822,9,15,1:23.166,10.0,0,0
6495,1117,2023,19,32,822,9,15,1:23.166,10.0,0,0
6496,1118,2023,20,18,822,18,16,1:15.731,10.0,0,0
6497,1118,2023,20,18,822,18,16,1:15.731,10.0,0,0
6498,1118,2023,20,18,822,18,16,1:15.731,10.0,0,0
6499,1119,2023,21,80,822,7,17,1:37.562,10.0,0,0
6500,1119,2023,21,80,822,7,17,1:37.562,10.0,0,0
6501,1120,2023,22,24,822,18,19,1:29.863,10.0,0,0
6978,1098,2023,1,3,825,17,13,1:36.471,0.0,0,0
6979,1098,2023,1,3,825,17,13,1:36.471,0.0,0,0
6980,1098,2023,1,3,825,17,13,1:36.471,0.0,0,0
6981,1099,2023,2,77,825,13,10,1:33.374,1.0,0,0
6982,1100,2023,3,1,825,14,17,1:21.685,1.0,0,0
6983,1100,2023,3,1,825,14,17,1:21.685,1.0,0,0
6984,1101,2023,4,73,825,16,13,1:45.850,1.0,0,0
6985,1102,2023,5,79,825,4,10,1:31.691,2.0,0,0
6986,1104,2023,6,6,825,17,19,1:18.351,2.0,0,0
6987,1105,2023,7,4,825,17,18,1:18.069,2.0,0,0
6988,1105,2023,7,4,825,17,18,1:18.069,2.0,0,0
6989,1105,2023,7,4,825,17,18,1:18.069,2.0,0,0
6990,1106,2023,8,7,825,13,17,1:16.126,2.0,0,0
6991,1106,2023,8,7,825,13,17,1:16.126,2.0,0,0
6992,1107,2023,9,70,825,0,18,1:10.176,2.0,0,0
6993,1107,2023,9,70,825,0,18,1:10.176,2.0,0,0
6994,1107,2023,9,70,825,0,18,1:10.176,2.0,0,0
6995,1109,2023,11,11,825,19,17,1:23.864,2.0,0,0
6996,1109,2023,11,11,825,19,17,1:23.864,2.0,0,0
6997,1110,2023,12,13,825,16,15,1:50.993,2.0,0,0
6998,1110,2023,12,13,825,16,15,1:50.993,2.0,0,0
6999,1111,2023,13,39,825,0,16,1:15.489,2.0,0,0
7000,1111,2023,13,39,825,0,16,1:15.489,2.0,0,0
7001,1111,2023,13,39,825,0,16,1:15.489,2.0,0,0
7002,1111,2023,13,39,825,0,16,1:15.489,2.0,0,0
7003,1111,2023,13,39,825,0,16,1:15.489,2.0,0,0
7004,1111,2023,13,39,825,0,16,1:15.489,2.0,0,0
7005,1112,2023,14,14,825,19,18,1:26.278,2.0,0,0
7006,1112,2023,14,14,825,19,18,1:26.278,2.0,0,0
7007,1113,2023,15,15,825,6,10,1:38.107,3.0,0,0
7008,1113,2023,15,15,825,6,10,1:38.107,3.0,0,0
7009,1114,2023,16,22,825,15,15,1:37.842,3.0,0,0
7010,1114,2023,16,22,825,15,15,1:37.842,3.0,0,0
7011,1115,2023,17,78,825,18,14,1:27.067,3.0,0,0
7012,1115,2023,17,78,825,18,14,1:27.067,3.0,0,0
7013,1115,2023,17,78,825,18,14,1:27.067,3.0,0,0
7014,1116,2023,18,69,825,0,14,1:41.506,3.0,0,0
7015,1116,2023,18,69,825,0,14,1:41.506,3.0,0,0
7016,1117,2023,19,32,825,16,19,1:23.146,3.0,0,0
7017,1119,2023,21,80,825,8,13,1:37.455,3.0,0,0
7018,1119,2023,21,80,825,8,13,1:37.455,3.0,0,0
7019,1120,2023,22,24,825,17,20,1:29.934,3.0,0,0
7020,1120,2023,22,24,825,17,20,1:29.934,3.0,0,0
7736,1098,2023,1,3,832,4,4,1:37.130,12.0,0,0
7737,1098,2023,1,3,832,4,4,1:37.130,12.0,0,0
7738,1099,2023,2,77,832,4,6,1:32.822,20.0,0,0
7739,1100,2023,3,1,832,5,12,1:20.467,20.0,0,0
7740,1100,2023,3,1,832,5,12,1:20.467,20.0,0,0
7741,1100,2023,3,1,832,5,12,1:20.467,20.0,0,0
7742,1100,2023,3,1,832,5,12,1:20.467,20.0,0,0
7743,1101,2023,4,73,832,4,5,1:45.175,34.0,0,0
7744,1102,2023,5,79,832,3,5,1:31.362,44.0,0,0
7745,1104,2023,6,6,832,4,8,1:16.449,48.0,0,0
7746,1104,2023,6,6,832,4,8,1:16.449,48.0,0,0
7747,1105,2023,7,4,832,2,5,1:18.403,58.0,0,0
7748,1105,2023,7,4,832,2,5,1:18.403,58.0,0,0
7749,1106,2023,8,7,832,11,5,1:15.911,68.0,0,0
7750,1107,2023,9,70,832,3,6,1:08.880,82.0,0,0
7751,1107,2023,9,70,832,3,6,1:08.880,82.0,0,0
7752,1107,2023,9,70,832,3,6,1:08.880,82.0,0,0
7753,1108,2023,10,9,832,5,10,1:31.366,83.0,0,0
7754,1109,2023,11,11,832,11,8,1:22.584,87.0,0,0
7755,1109,2023,11,11,832,11,8,1:22.584,87.0,0,0
7756,1110,2023,12,13,832,4,19,1:53.138,92.0,0,0
7757,1111,2023,13,39,832,6,5,1:14.934,102.0,0,0
7758,1111,2023,13,39,832,6,5,1:14.934,102.0,0,0
7759,1111,2023,13,39,832,6,5,1:14.934,102.0,0,0
7760,1111,2023,13,39,832,6,5,1:14.934,102.0,0,0
7761,1111,2023,13,39,832,6,5,1:14.934,102.0,0,0
7762,1112,2023,14,14,832,1,3,1:25.501,117.0,0,0
7763,1113,2023,15,15,832,1,1,1:37.666,142.0,1,1
7764,1114,2023,16,22,832,6,6,1:36.187,150.0,1,0
7765,1114,2023,16,22,832,6,6,1:36.187,150.0,1,0
7766,1116,2023,18,69,832,4,3,1:40.034,171.0,1,0
7767,1116,2023,18,69,832,4,3,1:40.034,171.0,1,0
7768,1117,2023,19,32,832,2,4,1:22.539,183.0,1,0
7769,1117,2023,19,32,832,2,4,1:22.539,183.0,1,0
7770,1118,2023,20,18,832,7,6,1:14.406,192.0,1,0
7771,1118,2023,20,18,832,7,6,1:14.406,192.0,1,0
7772,1118,2023,20,18,832,7,6,1:14.406,192.0,1,0
7773,1118,2023,20,18,832,7,6,1:14.406,192.0,1,0
7774,1119,2023,21,80,832,12,6,1:35.984,200.0,1,0
7775,1119,2023,21,80,832,12,6,1:35.984,200.0,1,0
7776,1120,2023,22,24,832,16,18,1:29.452,200.0,1,0
7777,1120,2023,22,24,832,16,18,1:29.452,200.0,1,0
8178,1098,2023,1,3,830,1,1,1:36.236,25.0,1,1
8179,1098,2023,1,3,830,1,1,1:36.236,25.0,1,1
8180,1099,2023,2,77,830,15,2,1:31.906,44.0,1,0
8181,1100,2023,3,1,830,1,1,1:20.342,69.0,2,1
8182,1100,2023,3,1,830,1,1,1:20.342,69.0,2,1
8183,1100,2023,3,1,830,1,1,1:20.342,69.0,2,1
8184,1101,2023,4,73,830,2,2,1:44.232,93.0,2,0
8185,1102,2023,5,79,830,9,1,1:29.708,119.0,3,1
8186,1104,2023,6,6,830,1,1,1:16.604,144.0,4,1
8187,1105,2023,7,4,830,1,1,1:16.330,170.0,5,1
8188,1105,2023,7,4,830,1,1,1:16.330,170.0,5,1
8189,1106,2023,8,7,830,1,1,1:15.594,195.0,6,1
8190,1106,2023,8,7,830,1,1,1:15.594,195.0,6,1
8191,1107,2023,9,70,830,1,1,1:07.012,229.0,7,1
8192,1107,2023,9,70,830,1,1,1:07.012,229.0,7,1
8193,1107,2023,9,70,830,1,1,1:07.012,229.0,7,1
8194,1107,2023,9,70,830,1,1,1:07.012,229.0,7,1
8195,1108,2023,10,9,830,1,1,1:30.275,255.0,8,1
8196,1109,2023,11,11,830,2,1,1:20.504,281.0,9,1
8197,1109,2023,11,11,830,2,1,1:20.504,281.0,9,1
8198,1110,2023,12,13,830,6,1,1:48.922,314.0,10,1
8199,1110,2023,12,13,830,6,1,1:48.922,314.0,10,1
8200,1111,2023,13,39,830,1,1,1:13.889,339.0,11,1
8201,1111,2023,13,39,830,1,1,1:13.889,339.0,11,1
8202,1111,2023,13,39,830,1,1,1:13.889,339.0,11,1
8203,1111,2023,13,39,830,1,1,1:13.889,339.0,11,1
8204,1111,2023,13,39,830,1,1,1:13.889,339.0,11,1
8205,1111,2023,13,39,830,1,1,1:13.889,339.0,11,1
8206,1112,2023,14,14,830,2,1,1:25.240,364.0,12,1
8207,1113,2023,15,15,830,11,5,1:36.575,374.0,12,0
8208,1114,2023,16,22,830,1,1,1:34.183,400.0,13,1
8209,1114,2023,16,22,830,1,1,1:34.183,400.0,13,1
8210,1115,2023,17,78,830,1,1,1:24.319,433.0,14,1
8211,1115,2023,17,78,830,1,1,1:24.319,433.0,14,1
8212,1115,2023,17,78,830,1,1,1:24.319,433.0,14,1
8213,1116,2023,18,69,830,6,1,1:40.028,466.0,15,1
8214,1116,2023,18,69,830,6,1,1:40.028,466.0,15,1
8215,1117,2023,19,32,830,3,1,1:21.644,491.0,16,1
8216,1117,2023,19,32,830,3,1,1:21.644,491.0,16,1
8217,1117,2023,19,32,830,3,1,1:21.644,491.0,16,1
8218,1118,2023,20,18,830,1,1,1:13.422,524.0,17,1
8219,1118,2023,20,18,830,1,1,1:13.422,524.0,17,1
8220,1118,2023,20,18,830,1,1,1:13.422,524.0,17,1
8221,1118,2023,20,18,830,1,1,1:13.422,524.0,17,1
8222,1119,2023,21,80,830,2,1,1:35.614,549.0,18,1
8223,1119,2023,21,80,830,2,1,1:35.614,549.0,18,1
8224,1120,2023,22,24,830,1,1,1:26.993,575.0,19,1
8225,1120,2023,22,24,830,1,1,1:26.993,575.0,19,1
8686,1098,2023,1,3,839,9,18,1:36.797,0.0,0,0
8687,1098,2023,1,3,839,9,18,1:36.797,0.0,0,0
8688,1098,2023,1,3,839,9,18,1:36.797,0.0,0,0
8689,1099,2023,2,77,839,6,8,1:33.222,4.0,0,0
8690,1100,2023,3,1,839,11,14,1:21.203,4.0,0,0
8691,1100,2023,3,1,839,11,14,1:21.203,4.0,0,0
8692,1100,2023,3,1,839,11,14,1:21.203,4.0,0,0
8693,1101,2023,4,73,839,0,15,1:45.908,4.0,0,0
8694,1102,2023,5,79,839,8,9,1:31.143,6.0,0,0
8695,1104,2023,6,6,839,3,3,1:16.528,21.0,0,0
8696,1104,2023,6,6,839,3,3,1:16.528,21.0,0,0
8697,1105,2023,7,4,839,6,8,1:18.946,25.0,0,0
8698,1105,2023,7,4,839,6,8,1:18.946,25.0,0,0
8699,1106,2023,8,7,839,6,8,1:16.782,29.0,0,0
8700,1106,2023,8,7,839,6,8,1:16.782,29.0,0,0
8701,1107,2023,9,70,839,12,14,1:09.797,31.0,0,0
8702,1107,2023,9,70,839,12,14,1:09.797,31.0,0,0
8703,1107,2023,9,70,839,12,14,1:09.797,31.0,0,0
8704,1110,2023,12,13,839,14,8,1:50.439,35.0,0,0
8705,1110,2023,12,13,839,14,8,1:50.439,35.0,0,0
8706,1111,2023,13,39,839,16,10,1:14.570,36.0,0,0
8707,1111,2023,13,39,839,16,10,1:14.570,36.0,0,0
8708,1111,2023,13,39,839,16,10,1:14.570,36.0,0,0
8709,1111,2023,13,39,839,16,10,1:14.570,36.0,0,0
8710,1111,2023,13,39,839,16,10,1:14.570,36.0,0,0
8711,1111,2023,13,39,839,16,10,1:14.570,36.0,0,0
8712,1112,2023,14,14,839,18,19,1:26.963,36.0,0,0
8713,1113,2023,15,15,839,8,18,1:39.930,36.0,0,0
8714,1114,2023,16,22,839,14,9,1:37.398,38.0,0,0
8715,1114,2023,16,22,839,14,9,1:37.398,38.0,0,0
8716,1115,2023,17,78,839,8,7,1:26.450,44.0,0,0
8717,1115,2023,17,78,839,8,7,1:26.450,44.0,0,0
8718,1115,2023,17,78,839,8,7,1:26.450,44.0,0,0
8719,1117,2023,19,32,839,15,10,1:22.976,45.0,0,0
8720,1118,2023,20,18,839,14,10,1:14.206,46.0,0,0
8721,1118,2023,20,18,839,14,10,1:14.206,46.0,0,0
8722,1118,2023,20,18,839,14,10,1:14.206,46.0,0,0
8723,1118,2023,20,18,839,14,10,1:14.206,46.0,0,0
8724,1118,2023,20,18,839,14,10,1:14.206,46.0,0,0
8725,1119,2023,21,80,839,16,4,1:36.637,58.0,0,0
8726,1120,2023,22,24,839,12,12,1:30.033,58.0,0,0
8958,1098,2023,1,3,840,8,6,1:36.546,8.0,0,0
8959,1098,2023,1,3,840,8,6,1:36.546,8.0,0,0
8960,1099,2023,2,77,840,5,20,1:35.140,8.0,0,0
8961,1100,2023,3,1,840,6,4,1:20.934,20.0,0,0
8962,1100,2023,3,1,840,6,4,1:20.934,20.0,0,0
8963,1100,2023,3,1,840,6,4,1:20.934,20.0,0,0
8964,1101,2023,4,73,840,9,7,1:45.627,27.0,0,0
8965,1102,2023,5,79,840,18,12,1:30.862,27.0,0,0
8966,1104,2023,6,6,840,14,20,1:17.769,27.0,0,0
8967,1105,2023,7,4,840,5,6,1:18.722,35.0,0,0
8968,1105,2023,7,4,840,5,6,1:18.722,35.0,0,0
8969,1106,2023,8,7,840,16,9,1:16.564,37.0,0,0
8970,1106,2023,8,7,840,16,9,1:16.564,37.0,0,0
8971,1107,2023,9,70,840,6,9,1:08.463,44.0,0,0
8972,1107,2023,9,70,840,6,9,1:08.463,44.0,0,0
8973,1107,2023,9,70,840,6,9,1:08.463,44.0,0,0
8974,1107,2023,9,70,840,6,9,1:08.463,44.0,0,0
8975,1108,2023,10,9,840,12,14,1:31.508,44.0,0,0
8976,1109,2023,11,11,840,14,10,1:23.425,45.0,0,0
8977,1109,2023,11,11,840,14,10,1:23.425,45.0,0,0
8978,1110,2023,12,13,840,10,9,1:51.297,47.0,0,0
8979,1111,2023,13,39,840,11,11,1:15.171,47.0,0,0
8980,1111,2023,13,39,840,11,11,1:15.171,47.0,0,0
8981,1111,2023,13,39,840,11,11,1:15.171,47.0,0,0
8982,1111,2023,13,39,840,11,11,1:15.171,47.0,0,0
8983,1111,2023,13,39,840,11,11,1:15.171,47.0,0,0
8984,1111,2023,13,39,840,11,11,1:15.171,47.0,0,0
8985,1111,2023,13,39,840,11,11,1:15.171,47.0,0,0
8986,1112,2023,14,14,840,20,16,1:26.617,47.0,0,0
8987,1114,2023,16,22,840,17,18,1:39.050,47.0,0,0
8988,1115,2023,17,78,840,16,11,1:26.352,47.0,0,0
8989,1115,2023,17,78,840,16,11,1:26.352,47.0,0,0
8990,1115,2023,17,78,840,16,11,1:26.352,47.0,0,0
8991,1116,2023,18,69,840,0,7,1:39.908,53.0,0,0
8992,1116,2023,18,69,840,0,7,1:39.908,53.0,0,0
8993,1117,2023,19,32,840,0,17,1:23.257,53.0,0,0
8994,1117,2023,19,32,840,0,17,1:23.257,53.0,0,0
8995,1118,2023,20,18,840,3,5,1:14.007,63.0,0,0
8996,1118,2023,20,18,840,3,5,1:14.007,63.0,0,0
8997,1118,2023,20,18,840,3,5,1:14.007,63.0,0,0
8998,1118,2023,20,18,840,3,5,1:14.007,63.0,0,0
8999,1119,2023,21,80,840,19,5,1:36.584,73.0,0,0
9000,1119,2023,21,80,840,19,5,1:36.584,73.0,0,0
9001,1120,2023,22,24,840,13,10,1:28.050,74.0,0,0
9002,1120,2023,22,24,840,13,10,1:28.050,74.0,0,0
9310,1098,2023,1,3,842,20,9,1:35.068,2.0,0,0
9311,1098,2023,1,3,842,20,9,1:35.068,2.0,0,0
9312,1098,2023,1,3,842,20,9,1:35.068,2.0,0,0
9313,1099,2023,2,77,842,9,9,1:33.392,4.0,0,0
9314,1100,2023,3,1,842,9,13,1:20.995,4.0,0,0
9315,1100,2023,3,1,842,9,13,1:20.995,4.0,0,0
9316,1101,2023,4,73,842,17,14,1:45.540,4.0,0,0
9317,1101,2023,4,73,842,17,14,1:45.540,4.0,0,0
9318,1102,2023,5,79,842,5,8,1:31.971,8.0,0,0
9319,1104,2023,6,6,842,7,7,1:15.831,14.0,0,0
9320,1104,2023,6,6,842,7,7,1:15.831,14.0,0,0
9321,1105,2023,7,4,842,10,10,1:18.375,15.0,0,0
9322,1105,2023,7,4,842,10,10,1:18.375,15.0,0,0
9323,1106,2023,8,7,842,15,12,1:16.425,15.0,0,0
9324,1106,2023,8,7,842,15,12,1:16.425,15.0,0,0
9325,1107,2023,9,70,842,9,10,1:09.046,16.0,0,0
9326,1107,2023,9,70,842,9,10,1:09.046,16.0,0,0
9327,1107,2023,9,70,842,9,10,1:09.046,16.0,0,0
9328,1108,2023,10,9,842,10,18,1:31.539,16.0,0,0
9329,1110,2023,12,13,842,12,11,1:50.911,22.0,0,0
9330,1111,2023,13,39,842,12,3,1:14.441,37.0,0,0
9331,1111,2023,13,39,842,12,3,1:14.441,37.0,0,0
9332,1111,2023,13,39,842,12,3,1:14.441,37.0,0,0
9333,1111,2023,13,39,842,12,3,1:14.441,37.0,0,0
9334,1111,2023,13,39,842,12,3,1:14.441,37.0,0,0
9335,1112,2023,14,14,842,17,15,1:25.758,37.0,0,0
9336,1112,2023,14,14,842,17,15,1:25.758,37.0,0,0
9337,1113,2023,15,15,842,12,6,1:38.277,45.0,0,0
9338,1114,2023,16,22,842,12,10,1:36.371,46.0,0,0
9339,1114,2023,16,22,842,12,10,1:36.371,46.0,0,0
9340,1115,2023,17,78,842,7,12,1:26.310,46.0,0,0
9341,1115,2023,17,78,842,7,12,1:26.310,46.0,0,0
9342,1115,2023,17,78,842,7,12,1:26.310,46.0,0,0
9343,1116,2023,18,69,842,7,6,1:40.412,56.0,0,0
9344,1116,2023,18,69,842,7,6,1:40.412,56.0,0,0
9345,1117,2023,19,32,842,11,11,1:23.230,56.0,0,0
9346,1117,2023,19,32,842,11,11,1:23.230,56.0,0,0
9347,1118,2023,20,18,842,15,7,1:14.521,62.0,0,0
9348,1118,2023,20,18,842,15,7,1:14.521,62.0,0,0
9349,1118,2023,20,18,842,15,7,1:14.521,62.0,0,0
9350,1118,2023,20,18,842,15,7,1:14.521,62.0,0,0
9351,1119,2023,21,80,842,4,11,1:36.913,62.0,0,0
9352,1120,2023,22,24,842,10,13,1:29.016,62.0,0,0
9353,1120,2023,22,24,842,10,13,1:29.016,62.0,0,0
9578,1098,2023,1,3,844,3,19,1:37.170,0.0,0,0
9579,1098,2023,1,3,844,3,19,1:37.170,0.0,0,0
9580,1099,2023,2,77,844,12,7,1:33.056,6.0,0,0
9581,1101,2023,4,73,844,1,3,1:44.561,28.0,0,0
9582,1102,2023,5,79,844,7,7,1:31.434,34.0,0,0
9583,1104,2023,6,6,844,6,6,1:15.773,42.0,0,0
9584,1104,2023,6,6,844,6,6,1:15.773,42.0,0,0
9585,1105,2023,7,4,844,19,11,1:18.357,42.0,0,0
9586,1105,2023,7,4,844,19,11,1:18.357,42.0,0,0
9587,1106,2023,8,7,844,10,4,1:15.907,54.0,0,0
9588,1107,2023,9,70,844,2,2,1:08.820,72.0,0,0
9589,1107,2023,9,70,844,2,2,1:08.820,72.0,0,0
9590,1107,2023,9,70,844,2,2,1:08.820,72.0,0,0
9591,1108,2023,10,9,844,4,9,1:31.255,74.0,0,0
9592,1108,2023,10,9,844,4,9,1:31.255,74.0,0,0
9593,1109,2023,11,11,844,6,7,1:22.469,80.0,0,0
9594,1109,2023,11,11,844,6,7,1:22.469,80.0,0,0
9595,1110,2023,12,13,844,1,3,1:50.436,99.0,0,0
9596,1110,2023,12,13,844,1,3,1:50.436,99.0,0,0
9597,1111,2023,13,39,844,9,19,1:17.277,99.0,0,0
9598,1111,2023,13,39,844,9,19,1:17.277,99.0,0,0
9599,1112,2023,14,14,844,3,4,1:25.580,111.0,0,0
9600,1113,2023,15,15,844,3,4,1:38.275,123.0,0,0
9601,1114,2023,16,22,844,4,4,1:36.362,135.0,0,0
9602,1114,2023,16,22,844,4,4,1:36.362,135.0,0,0
9603,1115,2023,17,78,844,5,5,1:24.992,145.0,0,0
9604,1115,2023,17,78,844,5,5,1:24.992,145.0,0,0
9605,1115,2023,17,78,844,5,5,1:24.992,145.0,0,0
9606,1116,2023,18,69,844,1,20,\N,151.0,0,0
9607,1117,2023,19,32,844,1,3,1:22.332,166.0,0,0
9608,1117,2023,19,32,844,1,3,1:22.332,166.0,0,0
9609,1119,2023,21,80,844,1,2,1:35.669,188.0,0,0
9610,1120,2023,22,24,844,2,2,1:28.199,206.0,0,0
9611,1120,2023,22,24,844,2,2,1:28.199,206.0,0,0
9812,1098,2023,1,3,848,15,10,1:37.144,1.0,0,0
9813,1098,2023,1,3,848,15,10,1:37.144,1.0,0,0
9814,1098,2023,1,3,848,15,10,1:37.144,1.0,0,0
9815,1099,2023,2,77,848,17,19,1:35.567,1.0,0,0
9816,1101,2023,4,73,848,12,12,1:45.925,1.0,0,0
9817,1102,2023,5,79,848,11,14,1:31.852,1.0,0,0
9818,1104,2023,6,6,848,13,14,1:16.672,1.0,0,0
9819,1104,2023,6,6,848,13,14,1:16.672,1.0,0,0
9820,1105,2023,7,4,848,18,16,1:19.133,1.0,0,0
9821,1105,2023,7,4,848,18,16,1:19.133,1.0,0,0
9822,1106,2023,8,7,848,9,7,1:16.917,7.0,0,0
9823,1107,2023,9,70,848,10,11,1:09.560,7.0,0,0
9824,1107,2023,9,70,848,10,11,1:09.560,7.0,0,0
9825,1107,2023,9,70,848,10,11,1:09.560,7.0,0,0
9826,1108,2023,10,9,848,8,8,1:31.273,11.0,0,0
9827,1109,2023,11,11,848,16,11,1:24.051,11.0,0,0
9828,1109,2023,11,11,848,16,11,1:24.051,11.0,0,0
9829,1110,2023,12,13,848,15,14,1:49.841,11.0,0,0
9830,1110,2023,12,13,848,15,14,1:49.841,11.0,0,0
9831,1110,2023,12,13,848,15,14,1:49.841,11.0,0,0
9832,1111,2023,13,39,848,4,8,1:14.468,15.0,0,0
9833,1111,2023,13,39,848,4,8,1:14.468,15.0,0,0
9834,1111,2023,13,39,848,4,8,1:14.468,15.0,0,0
9835,1111,2023,13,39,848,4,8,1:14.468,15.0,0,0
9836,1112,2023,14,14,848,6,7,1:26.389,21.0,0,0
9837,1113,2023,15,15,848,14,11,1:37.342,21.0,0,0
9838,1113,2023,15,15,848,14,11,1:37.342,21.0,0,0
9839,1114,2023,16,22,848,13,16,1:39.185,21.0,0,0
9840,1114,2023,16,22,848,13,16,1:39.185,21.0,0,0
9841,1115,2023,17,78,848,13,13,1:26.666,23.0,0,0
9842,1115,2023,17,78,848,13,13,1:26.666,23.0,0,0
9843,1115,2023,17,78,848,13,13,1:26.666,23.0,0,0
9844,1116,2023,18,69,848,15,9,1:41.371,25.0,0,0
9845,1116,2023,18,69,848,15,9,1:41.371,25.0,0,0
9846,1117,2023,19,32,848,14,9,1:22.773,27.0,0,0
9847,1117,2023,19,32,848,14,9,1:22.773,27.0,0,0
9848,1119,2023,21,80,848,5,12,1:37.357,27.0,0,0
9849,1120,2023,22,24,848,14,14,1:27.845,27.0,0,0
9850,1120,2023,22,24,848,14,14,1:27.845,27.0,0,0
10016,1098,2023,1,3,846,11,17,1:35.822,0.0,0,0
10017,1098,2023,1,3,846,11,17,1:35.822,0.0,0,0
10018,1098,2023,1,3,846,11,17,1:35.822,0.0,0,0
10019,1098,2023,1,3,846,11,17,1:35.822,0.0,0,0
10020,1098,2023,1,3,846,11,17,1:35.822,0.0,0,0
10021,1098,2023,1,3,846,11,17,1:35.822,0.0,0,0
10022,1099,2023,2,77,846,19,17,1:34.122,0.0,0,0
10023,1099,2023,2,77,846,19,17,1:34.122,0.0,0,0
10024,1100,2023,3,1,846,13,6,1:21.173,8.0,0,0
10025,1100,2023,3,1,846,13,6,1:21.173,8.0,0,0
10026,1100,2023,3,1,846,13,6,1:21.173,8.0,0,0
10027,1101,2023,4,73,846,7,9,1:45.738,10.0,0,0
10028,1102,2023,5,79,846,16,17,1:32.401,10.0,0,0
10029,1104,2023,6,6,846,10,9,1:17.844,12.0,0,0
10030,1104,2023,6,6,846,10,9,1:17.844,12.0,0,0
10031,1105,2023,7,4,846,3,17,1:17.182,12.0,0,0
10032,1105,2023,7,4,846,3,17,1:17.182,12.0,0,0
10033,1105,2023,7,4,846,3,17,1:17.182,12.0,0,0
10034,1106,2023,8,7,846,7,13,1:16.374,12.0,0,0
10035,1106,2023,8,7,846,7,13,1:16.374,12.0,0,0
10036,1107,2023,9,70,846,4,4,1:08.739,24.0,0,0
10037,1107,2023,9,70,846,4,4,1:08.739,24.0,0,0
10038,1107,2023,9,70,846,4,4,1:08.739,24.0,0,0
10039,1108,2023,10,9,846,2,2,1:30.543,42.0,0,0
10040,1109,2023,11,11,846,3,2,1:22.178,60.0,0,0
10041,1109,2023,11,11,846,3,2,1:22.178,60.0,0,0
10042,1110,2023,12,13,846,7,7,1:51.682,69.0,0,0
10043,1110,2023,12,13,846,7,7,1:51.682,69.0,0,0
10044,1111,2023,13,39,846,2,7,1:14.390,75.0,0,0
10045,1111,2023,13,39,846,2,7,1:14.390,75.0,0,0
10046,1111,2023,13,39,846,2,7,1:14.390,75.0,0,0
10047,1111,2023,13,39,846,2,7,1:14.390,75.0,0,0
10048,1111,2023,13,39,846,2,7,1:14.390,75.0,0,0
10049,1111,2023,13,39,846,2,7,1:14.390,75.0,0,0
10050,1112,2023,14,14,846,9,8,1:26.144,79.0,0,0
10051,1113,2023,15,15,846,4,2,1:38.046,97.0,0,0
10052,1114,2023,16,22,846,3,2,1:35.247,115.0,0,0
10053,1114,2023,16,22,846,3,2,1:35.247,115.0,0,0
10054,1115,2023,17,78,846,10,3,1:24.842,136.0,0,0
10055,1115,2023,17,78,846,10,3,1:24.842,136.0,0,0
10056,1115,2023,17,78,846,10,3,1:24.842,136.0,0,0
10057,1116,2023,18,69,846,2,2,1:39.985,159.0,0,0
10058,1116,2023,18,69,846,2,2,1:39.985,159.0,0,0
10059,1117,2023,19,32,846,17,5,1:21.944,169.0,0,0
10060,1117,2023,19,32,846,17,5,1:21.944,169.0,0,0
10061,1117,2023,19,32,846,17,5,1:21.944,169.0,0,0
10062,1118,2023,20,18,846,6,2,1:12.486,195.0,0,0
10063,1118,2023,20,18,846,6,2,1:12.486,195.0,0,0
10064,1118,2023,20,18,846,6,2,1:12.486,195.0,0,0
10065,1118,2023,20,18,846,6,2,1:12.486,195.0,0,0
10066,1120,2023,22,24,846,5,5,1:28.164,205.0,0,0
10067,1120,2023,22,24,846,5,5,1:28.164,205.0,0,0
10238,1098,2023,1,3,847,6,7,1:37.221,6.0,0,0
10239,1098,2023,1,3,847,6,7,1:37.221,6.0,0,0
10240,1099,2023,2,77,847,3,4,1:32.433,18.0,0,0
10241,1100,2023,3,1,847,2,18,1:22.680,18.0,0,0
10242,1100,2023,3,1,847,2,18,1:22.680,18.0,0,0
10243,1101,2023,4,73,847,11,8,1:43.370,28.0,0,0
10244,1101,2023,4,73,847,11,8,1:43.370,28.0,0,0
10245,1102,2023,5,79,847,6,4,1:31.015,40.0,0,0
10246,1104,2023,6,6,847,8,5,1:16.798,50.0,0,0
10247,1105,2023,7,4,847,12,3,1:17.875,65.0,0,0
10248,1105,2023,7,4,847,12,3,1:17.875,65.0,0,0
10249,1106,2023,8,7,847,4,19,1:17.097,65.0,0,0
10250,1107,2023,9,70,847,11,7,1:09.283,72.0,0,0
10251,1107,2023,9,70,847,11,7,1:09.283,72.0,0,0
10252,1107,2023,9,70,847,11,7,1:09.283,72.0,0,0
10253,1108,2023,10,9,847,6,5,1:31.124,82.0,0,0
10254,1109,2023,11,11,847,18,6,1:22.158,90.0,0,0
10255,1109,2023,11,11,847,18,6,1:22.158,90.0,0,0
10256,1110,2023,12,13,847,8,6,1:50.603,99.0,0,0
10257,1111,2023,13,39,847,3,17,1:15.124,99.0,0,0
10258,1111,2023,13,39,847,3,17,1:15.124,99.0,0,0
10259,1111,2023,13,39,847,3,17,1:15.124,99.0,0,0
10260,1111,2023,13,39,847,3,17,1:15.124,99.0,0,0
10261,1111,2023,13,39,847,3,17,1:15.124,99.0,0,0
10262,1111,2023,13,39,847,3,17,1:15.124,99.0,0,0
10263,1111,2023,13,39,847,3,17,1:15.124,99.0,0,0
10264,1112,2023,14,14,847,4,5,1:25.847,109.0,0,0
10265,1113,2023,15,15,847,2,16,1:36.273,109.0,0,0
10266,1113,2023,15,15,847,2,16,1:36.273,109.0,0,0
10267,1114,2023,16,22,847,8,7,1:37.653,115.0,0,0
10268,1115,2023,17,78,847,2,4,1:25.770,132.0,0,0
10269,1115,2023,17,78,847,2,4,1:25.770,132.0,0,0
10270,1115,2023,17,78,847,2,4,1:25.770,132.0,0,0
10271,1115,2023,17,78,847,2,4,1:25.770,132.0,0,0
10272,1116,2023,18,69,847,5,5,1:39.393,143.0,0,0
10273,1116,2023,18,69,847,5,5,1:39.393,143.0,0,0
10274,1117,2023,19,32,847,8,6,1:22.780,151.0,0,0
10275,1117,2023,19,32,847,8,6,1:22.780,151.0,0,0
10276,1118,2023,20,18,847,8,15,1:14.934,156.0,0,0
10277,1118,2023,20,18,847,8,15,1:14.934,156.0,0,0
10278,1118,2023,20,18,847,8,15,1:14.934,156.0,0,0
10279,1118,2023,20,18,847,8,15,1:14.934,156.0,0,0
10280,1119,2023,21,80,847,3,8,1:36.071,160.0,0,0
10281,1119,2023,21,80,847,3,8,1:36.071,160.0,0,0
10282,1120,2023,22,24,847,4,3,1:28.187,175.0,0,0
10283,1120,2023,22,24,847,4,3,1:28.187,175.0,0,0
10640,1098,2023,1,3,852,14,11,1:36.637,0.0,0,0
10641,1098,2023,1,3,852,14,11,1:36.637,0.0,0,0
10642,1098,2023,1,3,852,14,11,1:36.637,0.0,0,0
10643,1099,2023,2,77,852,16,11,1:33.931,0.0,0,0
10644,1100,2023,3,1,852,12,10,1:21.789,1.0,0,0
10645,1100,2023,3,1,852,12,10,1:21.789,1.0,0,0
10646,1100,2023,3,1,852,12,10,1:21.789,1.0,0,0
10647,1100,2023,3,1,852,12,10,1:21.789,1.0,0,0
10648,1101,2023,4,73,852,8,10,1:45.727,2.0,0,0
10649,1102,2023,5,79,852,17,11,1:31.038,2.0,0,0
10650,1104,2023,6,6,852,9,15,1:17.680,2.0,0,0
10651,1105,2023,7,4,852,15,12,1:18.904,2.0,0,0
10652,1105,2023,7,4,852,15,12,1:18.904,2.0,0,0
10653,1106,2023,8,7,852,19,14,1:16.666,2.0,0,0
10654,1106,2023,8,7,852,19,14,1:16.666,2.0,0,0
10655,1107,2023,9,70,852,16,19,1:09.620,2.0,0,0
10656,1107,2023,9,70,852,16,19,1:09.620,2.0,0,0
10657,1107,2023,9,70,852,16,19,1:09.620,2.0,0,0
10658,1107,2023,9,70,852,16,19,1:09.620,2.0,0,0
10659,1108,2023,10,9,852,16,16,1:32.084,2.0,0,0
10660,1108,2023,10,9,852,16,16,1:32.084,2.0,0,0
10661,1109,2023,11,11,852,17,15,1:23.269,2.0,0,0
10662,1109,2023,11,11,852,17,15,1:23.269,2.0,0,0
10663,1110,2023,12,13,852,11,10,1:51.394,3.0,0,0
10664,1110,2023,12,13,852,11,10,1:51.394,3.0,0,0
10665,1111,2023,13,39,852,17,15,1:16.253,3.0,0,0
10666,1111,2023,13,39,852,17,15,1:16.253,3.0,0,0
10667,1111,2023,13,39,852,17,15,1:16.253,3.0,0,0
10668,1111,2023,13,39,852,17,15,1:16.253,3.0,0,0
10669,1111,2023,13,39,852,17,15,1:16.253,3.0,0,0
10670,1114,2023,16,22,852,9,12,1:37.768,3.0,0,0
10671,1114,2023,16,22,852,9,12,1:37.768,3.0,0,0
10672,1115,2023,17,78,852,11,15,1:27.174,3.0,0,0
10673,1115,2023,17,78,852,11,15,1:27.174,3.0,0,0
10674,1115,2023,17,78,852,11,15,1:27.174,3.0,0,0
10675,1116,2023,18,69,852,11,8,1:38.139,8.0,0,0
10676,1116,2023,18,69,852,11,8,1:38.139,8.0,0,0
10677,1116,2023,18,69,852,11,8,1:38.139,8.0,0,0
10678,1117,2023,19,32,852,18,12,1:22.501,8.0,0,0
10679,1117,2023,19,32,852,18,12,1:22.501,8.0,0,0
10680,1118,2023,20,18,852,16,9,1:14.231,13.0,0,0
10681,1118,2023,20,18,852,16,9,1:14.231,13.0,0,0
10682,1118,2023,20,18,852,16,9,1:14.231,13.0,0,0
10683,1118,2023,20,18,852,16,9,1:14.231,13.0,0,0
10684,1119,2023,21,80,852,20,18,1:37.587,13.0,0,0
10685,1119,2023,21,80,852,20,18,1:37.587,13.0,0,0
10686,1120,2023,22,24,852,6,8,1:29.256,17.0,0,0
10744,1098,2023,1,3,855,13,16,1:33.996,0.0,0,0
10745,1098,2023,1,3,855,13,16,1:33.996,0.0,0,0
10746,1098,2023,1,3,855,13,16,1:33.996,0.0,0,0
10747,1099,2023,2,77,855,11,13,1:33.894,0.0,0,0
10748,1099,2023,2,77,855,11,13,1:33.894,0.0,0,0
10749,1100,2023,3,1,855,17,9,1:21.819,2.0,0,0
10750,1100,2023,3,1,855,17,9,1:21.819,2.0,0,0
10751,1100,2023,3,1,855,17,9,1:21.819,2.0,0,0
10752,1100,2023,3,1,855,17,9,1:21.819,2.0,0,0
10753,1100,2023,3,1,855,17,9,1:21.819,2.0,0,0
10754,1101,2023,4,73,855,15,19,1:47.553,2.0,0,0
10755,1102,2023,5,79,855,14,16,1:31.736,2.0,0,0
10756,1104,2023,6,6,855,19,13,1:16.926,2.0,0,0
10757,1104,2023,6,6,855,19,13,1:16.926,2.0,0,0
10758,1105,2023,7,4,855,13,9,1:18.753,4.0,0,0
10759,1105,2023,7,4,855,13,9,1:18.753,4.0,0,0
10760,1106,2023,8,7,855,20,16,1:17.090,4.0,0,0
10761,1106,2023,8,7,855,20,16,1:17.090,4.0,0,0
10762,1107,2023,9,70,855,17,12,1:09.786,4.0,0,0
10763,1107,2023,9,70,855,17,12,1:09.786,4.0,0,0
10764,1107,2023,9,70,855,17,12,1:09.786,4.0,0,0
10765,1108,2023,10,9,855,17,15,1:31.769,4.0,0,0
10766,1108,2023,10,9,855,17,15,1:31.769,4.0,0,0
10767,1108,2023,10,9,855,17,15,1:31.769,4.0,0,0
10768,1109,2023,11,11,855,5,16,1:23.743,4.0,0,0
10769,1109,2023,11,11,855,5,16,1:23.743,4.0,0,0
10770,1110,2023,12,13,855,17,13,1:50.188,4.0,0,0
10771,1110,2023,12,13,855,17,13,1:50.188,4.0,0,0
10772,1111,2023,13,39,855,15,18,1:15.417,4.0,0,0
10773,1111,2023,13,39,855,15,18,1:15.417,4.0,0,0
10774,1111,2023,13,39,855,15,18,1:15.417,4.0,0,0
10775,1111,2023,13,39,855,15,18,1:15.417,4.0,0,0
10776,1112,2023,14,14,855,16,14,1:25.983,4.0,0,0
10777,1112,2023,14,14,855,16,14,1:25.983,4.0,0,0
10778,1113,2023,15,15,855,0,12,1:39.316,4.0,0,0
10779,1113,2023,15,15,855,0,12,1:39.316,4.0,0,0
10780,1114,2023,16,22,855,19,13,1:37.791,4.0,0,0
10781,1114,2023,16,22,855,19,13,1:37.791,4.0,0,0
10782,1114,2023,16,22,855,19,13,1:37.791,4.0,0,0
10783,1115,2023,17,78,855,19,9,1:26.323,6.0,0,0
10784,1115,2023,17,78,855,19,9,1:26.323,6.0,0,0
10785,1115,2023,17,78,855,19,9,1:26.323,6.0,0,0
10786,1116,2023,18,69,855,12,13,1:41.879,6.0,0,0
10787,1116,2023,18,69,855,12,13,1:41.879,6.0,0,0
10788,1117,2023,19,32,855,10,14,1:23.567,6.0,0,0
10789,1117,2023,19,32,855,10,14,1:23.567,6.0,0,0
10790,1118,2023,20,18,855,20,17,1:16.232,6.0,0,0
10791,1118,2023,20,18,855,20,17,1:16.232,6.0,0,0
10792,1118,2023,20,18,855,20,17,1:16.232,6.0,0,0
10793,1119,2023,21,80,855,17,15,1:37.375,6.0,0,0
10794,1120,2023,22,24,855,19,17,1:28.746,6.0,0,0
10795,1120,2023,22,24,855,19,17,1:28.746,6.0,0,0
10823,1098,2023,1,3,856,19,14,1:37.709,0.0,0,0
10824,1098,2023,1,3,856,19,14,1:37.709,0.0,0,0
10825,1099,2023,2,77,856,18,14,1:33.609,0.0,0,0
10826,1100,2023,3,1,856,15,15,1:21.183,0.0,0,0
10827,1100,2023,3,1,856,15,15,1:21.183,0.0,0,0
10828,1100,2023,3,1,856,15,15,1:21.183,0.0,0,0
10829,1100,2023,3,1,856,15,15,1:21.183,0.0,0,0
10830,1102,2023,5,79,856,15,18,1:31.562,0.0,0,0
10831,1104,2023,6,6,856,12,12,1:17.561,0.0,0,0
10832,1105,2023,7,4,856,14,14,1:18.594,0.0,0,0
10833,1105,2023,7,4,856,14,14,1:18.594,0.0,0,0
10834,1106,2023,8,7,856,17,18,1:16.656,0.0,0,0
10835,1106,2023,8,7,856,17,18,1:16.656,0.0,0,0
10836,1107,2023,9,70,856,0,17,1:09.852,0.0,0,0
10837,1107,2023,9,70,856,0,17,1:09.852,0.0,0,0
10838,1107,2023,9,70,856,0,17,1:09.852,0.0,0,0
10839,1108,2023,10,9,856,18,17,1:32.353,0.0,0,0
10840,1108,2023,10,9,856,18,17,1:32.353,0.0,0,0
10841,1098,2023,1,3,858,16,12,1:36.037,0.0,0,0
10842,1098,2023,1,3,858,16,12,1:36.037,0.0,0,0
10843,1098,2023,1,3,858,16,12,1:36.037,0.0,0,0
10844,1099,2023,2,77,858,20,16,1:34.469,0.0,0,0
10845,1100,2023,3,1,858,18,16,1:21.456,0.0,0,0
10846,1100,2023,3,1,858,18,16,1:21.456,0.0,0,0
10847,1100,2023,3,1,858,18,16,1:21.456,0.0,0,0
10848,1100,2023,3,1,858,18,16,1:21.456,0.0,0,0
10849,1100,2023,3,1,858,18,16,1:21.456,0.0,0,0
10850,1100,2023,3,1,858,18,16,1:21.456,0.0,0,0
10851,1101,2023,4,73,858,14,16,1:46.501,0.0,0,0
10852,1102,2023,5,79,858,20,20,1:32.384,0.0,0,0
10853,1104,2023,6,6,858,16,18,1:17.302,0.0,0,0
10854,1104,2023,6,6,858,16,18,1:17.302,0.0,0,0
10855,1104,2023,6,6,858,16,18,1:17.302,0.0,0,0
10856,1105,2023,7,4,858,20,20,1:19.247,0.0,0,0
10857,1105,2023,7,4,858,20,20,1:19.247,0.0,0,0
10858,1107,2023,9,70,858,18,13,1:09.611,0.0,0,0
10859,1107,2023,9,70,858,18,13,1:09.611,0.0,0,0
10860,1107,2023,9,70,858,18,13,1:09.611,0.0,0,0
10861,1108,2023,10,9,858,14,11,1:31.699,0.0,0,0
10862,1109,2023,11,11,858,20,18,1:23.496,0.0,0,0
10863,1109,2023,11,11,858,20,18,1:23.496,0.0,0,0
10864,1110,2023,12,13,858,18,17,1:50.486,0.0,0,0
10865,1110,2023,12,13,858,18,17,1:50.486,0.0,0,0
10866,1110,2023,12,13,858,18,17,1:50.486,0.0,0,0
10867,1112,2023,14,14,858,15,13,1:26.840,0.0,0,0
10868,1113,2023,15,15,858,18,14,1:38.531,0.0,0,0
10869,1113,2023,15,15,858,18,14,1:38.531,0.0,0,0
10870,1114,2023,16,22,858,0,17,1:38.848,0.0,0,0
10871,1114,2023,16,22,858,0,17,1:38.848,0.0,0,0
10872,1114,2023,16,22,858,0,17,1:38.848,0.0,0,0
10873,1115,2023,17,78,858,15,18,1:27.983,0.0,0,0
10874,1115,2023,17,78,858,15,18,1:27.983,0.0,0,0
10875,1116,2023,18,69,858,16,10,1:41.238,1.0,0,0
10876,1116,2023,18,69,858,16,10,1:41.238,1.0,0,0
10877,1117,2023,19,32,858,19,16,1:23.003,1.0,0,0
10878,1117,2023,19,32,858,19,16,1:23.003,1.0,0,0
10879,1118,2023,20,18,858,19,11,1:15.738,1.0,0,0
10880,1118,2023,20,18,858,19,11,1:15.738,1.0,0,0
10881,1118,2023,20,18,858,19,11,1:15.738,1.0,0,0
10882,1118,2023,20,18,858,19,11,1:15.738,1.0,0,0
10883,1119,2023,21,80,858,6,16,1:37.740,1.0,0,0
10884,1120,2023,22,24,858,20,16,1:28.580,1.0,0,0
10885,1120,2023,22,24,858,20,16,1:28.580,1.0,0,0
10907,1099,2023,2,77,857,8,15,1:34.287,0.0,0,0
10908,1100,2023,3,1,857,16,8,1:21.335,4.0,0,0
10909,1100,2023,3,1,857,16,8,1:21.335,4.0,0,0
10910,1100,2023,3,1,857,16,8,1:21.335,4.0,0,0
10911,1100,2023,3,1,857,16,8,1:21.335,4.0,0,0
10912,1101,2023,4,73,857,10,11,1:45.631,4.0,0,0
10913,1102,2023,5,79,857,19,19,1:32.006,4.0,0,0
10914,1104,2023,6,6,857,11,10,1:17.513,5.0,0,0
10915,1105,2023,7,4,857,9,13,1:18.679,5.0,0,0
10916,1105,2023,7,4,857,9,13,1:18.679,5.0,0,0
10917,1106,2023,8,7,857,8,11,1:16.598,5.0,0,0
10918,1106,2023,8,7,857,8,11,1:16.598,5.0,0,0
10919,1107,2023,9,70,857,13,16,1:09.862,5.0,0,0
10920,1107,2023,9,70,857,13,16,1:09.862,5.0,0,0
10921,1107,2023,9,70,857,13,16,1:09.862,5.0,0,0
10922,1107,2023,9,70,857,13,16,1:09.862,5.0,0,0
10923,1108,2023,10,9,857,3,4,1:30.850,17.0,0,0
10924,1109,2023,11,11,857,4,5,1:22.736,27.0,0,0
10925,1109,2023,11,11,857,4,5,1:22.736,27.0,0,0
10926,1111,2023,13,39,857,8,9,1:14.299,36.0,0,0
10927,1111,2023,13,39,857,8,9,1:14.299,36.0,0,0
10928,1111,2023,13,39,857,8,9,1:14.299,36.0,0,0
10929,1111,2023,13,39,857,8,9,1:14.299,36.0,0,0
10930,1111,2023,13,39,857,8,9,1:14.299,36.0,0,0
10931,1112,2023,14,14,857,7,12,1:25.072,36.0,0,0
10932,1112,2023,14,14,857,7,12,1:25.072,36.0,0,0
10933,1113,2023,15,15,857,17,7,1:38.492,42.0,0,0
10934,1114,2023,16,22,857,2,3,1:36.328,57.0,0,0
10935,1114,2023,16,22,857,2,3,1:36.328,57.0,0,0
10936,1115,2023,17,78,857,6,2,1:24.921,83.0,0,0
10937,1115,2023,17,78,857,6,2,1:24.921,83.0,0,0
10938,1115,2023,17,78,857,6,2,1:24.921,83.0,0,0
10939,1117,2023,19,32,857,7,8,1:22.760,87.0,0,0
10940,1117,2023,19,32,857,7,8,1:22.760,87.0,0,0
10941,1118,2023,20,18,857,10,14,1:14.310,87.0,0,0
10942,1118,2023,20,18,857,10,14,1:14.310,87.0,0,0
10943,1118,2023,20,18,857,10,14,1:14.310,87.0,0,0
10944,1118,2023,20,18,857,10,14,1:14.310,87.0,0,0
10945,1119,2023,21,80,857,18,10,1:35.490,89.0,0,0
10946,1119,2023,21,80,857,18,10,1:35.490,89.0,0,0
10947,1120,2023,22,24,857,3,6,1:28.138,97.0,0,0
10948,1120,2023,22,24,857,3,6,1:28.138,97.0,0,0
10971,1111,2023,13,39,859,19,13,1:14.820,0.0,0,0
10972,1111,2023,13,39,859,19,13,1:14.820,0.0,0,0
10973,1111,2023,13,39,859,19,13,1:14.820,0.0,0,0
10974,1111,2023,13,39,859,19,13,1:14.820,0.0,0,0
10975,1111,2023,13,39,859,19,13,1:14.820,0.0,0,0
10976,1111,2023,13,39,859,19,13,1:14.820,0.0,0,0
10977,1111,2023,13,39,859,19,13,1:14.820,0.0,0,0
10978,1112,2023,14,14,859,12,11,1:25.842,0.0,0,0
10979,1112,2023,14,14,859,12,11,1:25.842,0.0,0,0
10980,1113,2023,15,15,859,10,9,1:39.028,2.0,0,0
10981,1114,2023,16,22,859,11,11,1:38.267,2.0,0,0
10982,1114,2023,16,22,859,11,11,1:38.267,2.0,0,0
10983,1115,2023,17,78,859,17,17,1:27.113,2.0,0,0
10984,1115,2023,17,78,859,17,17,1:27.113,2.0,0,0
10985,1115,2023,17,78,859,17,17,1:27.113,2.0,0,0
