Customer_ID,Age,Income,Credit_Score,Loan_Amount,Interest_Rate,Loan_Term,Employment_Status,Previous_Loan_History,Loan_Purpose,Loan_Approval,Price_Sensitivity_Score,OFI,Risk_Score
1,56,125186,414,266716,2.62,60,Self-Employed,Yes,Business Loan,Yes,4.12,No,0.9218457672213123
2,69,54674,622,405455,1.59,84,Unemployed,No,Debt Consolidation,Yes,1.38,Yes,3.6003589463703616
3,46,55854,339,273854,8.9,24,Unemployed,Yes,Home Purchase,Yes,6.66,Yes,2.3907004026249035
4,32,66271,339,419600,14.02,24,Self-Employed,No,Education Loan,Yes,5.25,No,2.89642341807105
5,60,93688,588,419254,12.82,12,Unemployed,Yes,Car Loan,No,6.39,No,2.193293686068008
6,25,58518,561,176918,10.46,48,Self-Employed,No,Education Loan,Yes,3.38,No,1.4086926686417396
7,38,131076,515,224055,2.95,48,Self-Employed,No,Debt Consolidation,No,9.07,Yes,0.820596297099834
8,56,30267,446,466037,4.56,60,Employed,Yes,Home Purchase,No,5.87,Yes,6.866257420107832
9,36,110825,635,305135,13.26,12,Employed,No,Business Loan,No,0.85,No,1.28676760567612
10,40,21062,467,215129,3.56,72,Self-Employed,Yes,Education Loan,No,4.5,Yes,4.543002224611667
11,28,136664,391,405187,4.9,48,Self-Employed,Yes,Business Loan,Yes,7.56,Yes,1.2963409767306726
12,28,70448,652,427355,2.81,12,Self-Employed,Yes,Home Purchase,No,7.94,Yes,2.6815538985592595
13,41,115462,662,352589,10.47,12,Self-Employed,Yes,Education Loan,No,4.95,No,1.331479288952237
14,53,26229,644,213139,14.22,84,Self-Employed,Yes,Business Loan,No,8.95,No,3.604691210022682
15,57,76793,469,85257,4.77,60,Self-Employed,No,Business Loan,No,2.68,Yes,0.5529663584323731
16,41,134813,655,482958,7.66,12,Unemployed,Yes,Education Loan,No,4.11,Yes,1.7925347030193206
17,20,67915,490,304855,9.88,24,Self-Employed,Yes,Home Purchase,Yes,8.99,Yes,1.976929028499606
18,39,24632,721,11530,14.99,24,Unemployed,Yes,Business Loan,Yes,8.96,Yes,0.3963125554069823
19,19,124592,306,278260,2.47,36,Unemployed,Yes,Debt Consolidation,No,6.86,No,1.1957978548206973
20,41,23596,432,70794,7.98,60,Self-Employed,Yes,Education Loan,Yes,8.59,No,1.3111227375203691
21,61,129779,330,398498,6.39,84,Self-Employed,Yes,Car Loan,Yes,0.89,Yes,1.345847442664744
22,47,26168,834,215545,13.12,72,Unemployed,No,Car Loan,No,8.65,Yes,3.966480238217853
23,55,128099,725,137970,7.66,36,Unemployed,No,Home Purchase,No,3.21,No,0.7587922794695632
24,19,27561,693,9135,2.55,24,Self-Employed,Yes,Debt Consolidation,No,1.78,Yes,0.11127123432046274
25,38,93794,662,404845,9.88,84,Self-Employed,No,Business Loan,Yes,2.39,No,1.98689776910878
26,50,102152,736,376616,11.79,36,Unemployed,Yes,Car Loan,No,4.18,Yes,1.838561247842404
27,29,145036,381,392291,1.04,60,Unemployed,Yes,Home Purchase,Yes,2.51,No,1.4041648602638823
28,39,144049,655,483336,13.03,84,Unemployed,Yes,Debt Consolidation,Yes,3.21,Yes,1.690779874760878
29,61,46734,557,255870,3.6,60,Employed,Yes,Debt Consolidation,Yes,1.35,Yes,2.417789573633529
30,42,26371,823,94087,8.73,12,Unemployed,Yes,Home Purchase,No,2.96,No,1.7845918794098474
31,66,138894,594,201103,6.82,48,Employed,No,Home Purchase,Yes,5.72,No,0.7022721522567376
32,44,46069,523,300524,11.08,12,Self-Employed,No,Business Loan,No,4.42,Yes,2.9777075597669675
33,59,99905,824,397095,6.2,60,Self-Employed,No,Home Purchase,No,3.47,Yes,1.832491610114588
34,45,32910,345,284215,13.18,84,Unemployed,No,Business Loan,No,7.46,No,4.1529674586614975
35,33,93479,412,25074,11.23,24,Self-Employed,Yes,Business Loan,No,8.94,No,0.08735356821669614
36,32,97735,532,226796,10.07,72,Self-Employed,No,Education Loan,No,7.57,Yes,1.0941945160883884
37,64,101264,316,72843,12.15,24,Self-Employed,Yes,Debt Consolidation,Yes,3.32,Yes,0.29280736175045147
38,68,43275,659,44901,11.56,84,Self-Employed,No,Debt Consolidation,Yes,7.44,No,0.5176580480077971
39,61,92274,522,278349,1.5,12,Employed,No,Debt Consolidation,Yes,1.52,No,1.4062599395473199
40,69,101449,747,453877,6.53,72,Employed,No,Education Loan,Yes,1.3,No,2.056760870288458
41,20,120776,664,391805,14.03,84,Unemployed,No,Business Loan,Yes,3.46,No,1.7304376473544791
42,54,80004,625,273050,2.76,60,Unemployed,Yes,Business Loan,No,8.08,No,1.7169182054858032
43,68,82981,766,400807,11.32,24,Unemployed,No,Home Purchase,No,2.46,Yes,2.440275451911339
44,24,104659,713,392720,14.64,60,Self-Employed,No,Education Loan,Yes,0.63,Yes,1.7336992316835547
45,38,74553,754,67987,1.73,72,Self-Employed,Yes,Home Purchase,Yes,1.32,No,0.3708733100040258
46,26,68447,532,461586,10.55,72,Employed,Yes,Education Loan,Yes,8.59,Yes,2.9866836717673175
47,56,54529,523,347829,7.55,24,Employed,No,Home Purchase,No,6.34,Yes,2.912929131921414
48,35,146394,711,377598,9.11,60,Unemployed,Yes,Car Loan,No,2.53,No,1.3424863028959662
49,21,95703,634,372631,2.19,36,Employed,Yes,Debt Consolidation,No,5.55,Yes,1.7081517864611482
50,42,96090,521,59400,1.6,60,Employed,Yes,Debt Consolidation,Yes,5.28,Yes,0.2418925540660889
51,31,37260,336,161222,10.34,72,Employed,No,Business Loan,Yes,6.55,Yes,1.998226712732349
52,67,132581,577,36852,12.53,60,Employed,Yes,Car Loan,Yes,2.33,No,0.08860211451358105
53,26,23812,495,441086,11.95,84,Employed,No,Debt Consolidation,Yes,8.64,No,8.355778545781146
54,43,48024,783,319900,8.61,12,Unemployed,No,Business Loan,No,3.09,Yes,3.2607211099974114
55,19,78656,541,382501,2.4,36,Unemployed,No,Car Loan,Yes,6.94,Yes,2.457431259937453
56,37,136148,623,124052,10.63,48,Employed,No,Debt Consolidation,Yes,0.16,Yes,0.46140054799372
57,45,47285,491,61481,4.39,84,Unemployed,Yes,Home Purchase,Yes,3.73,Yes,0.7721184411430322
58,64,112436,316,268427,13.75,12,Self-Employed,No,Education Loan,No,3.52,Yes,1.1299117608573064
59,24,136421,823,38691,12.74,48,Employed,Yes,Car Loan,No,5.43,Yes,0.08881540072708395
60,61,21605,700,399341,10.93,24,Self-Employed,No,Business Loan,Yes,0.73,No,8.33522275587185
61,25,91158,321,203137,14.28,48,Unemployed,Yes,Car Loan,No,7.9,Yes,1.1928890287665235
62,64,92303,773,31170,1.44,84,Unemployed,No,Business Loan,No,2.18,Yes,0.4270844109793295
63,52,47139,419,13438,11.31,60,Self-Employed,Yes,Car Loan,No,6.77,No,0.0947183875187261
64,31,97149,509,287239,5.62,84,Unemployed,No,Business Loan,No,8.03,Yes,1.6037129621845243
65,34,76138,605,152226,13.68,48,Employed,No,Debt Consolidation,No,5.62,Yes,0.9492527122581124
66,53,138205,569,406220,4.73,72,Self-Employed,Yes,Home Purchase,Yes,7.41,Yes,1.2812910487144344
67,67,96125,584,276896,11.15,12,Employed,No,Debt Consolidation,Yes,6.62,Yes,1.344419554570636
68,57,33918,526,60426,13.29,12,Self-Employed,No,Home Purchase,Yes,3.56,No,0.8527596410363375
69,21,105655,680,244968,1.58,48,Unemployed,No,Debt Consolidation,No,8.09,Yes,1.3155450473334303
70,19,47446,759,293963,6.57,12,Self-Employed,Yes,Debt Consolidation,No,2.95,No,2.7386123598664813
71,23,144040,306,359195,11.67,72,Self-Employed,No,Car Loan,No,5.71,Yes,1.1780287089650874
72,59,33046,328,160289,7.37,84,Employed,No,Education Loan,No,7.45,Yes,2.2331584027464997
73,21,149922,332,266501,4.74,12,Unemployed,Yes,Business Loan,Yes,3.79,No,0.9904106694527997
74,46,44818,378,224780,4.08,48,Employed,Yes,Business Loan,Yes,3.03,Yes,2.2156287184054797
75,35,120894,758,300138,2.84,36,Unemployed,Yes,Business Loan,Yes,4.59,No,1.2987745403595106
76,43,135751,837,151108,13.0,36,Employed,Yes,Home Purchase,Yes,8.18,No,0.46044461867573305
77,61,24324,781,213347,9.05,24,Self-Employed,Yes,Business Loan,Yes,9.3,No,3.8924930403452485
78,51,96323,729,102756,2.07,12,Employed,No,Business Loan,Yes,5.45,Yes,0.5300955901786285
79,27,29111,584,447632,6.36,84,Unemployed,No,Car Loan,No,6.61,Yes,7.168246735168254
80,53,58110,815,407803,6.15,48,Unemployed,No,Debt Consolidation,No,9.03,Yes,3.4202617184138084
81,31,36389,398,100665,3.54,12,Self-Employed,Yes,Business Loan,Yes,0.99,Yes,1.2071953869829541
82,48,142177,696,136717,7.1,60,Unemployed,No,Education Loan,No,2.32,No,0.7073097527915106
83,65,61427,788,167002,5.65,72,Employed,Yes,Business Loan,Yes,7.09,Yes,1.1802694638639835
84,32,99579,338,266691,5.79,12,Self-Employed,Yes,Home Purchase,Yes,8.24,Yes,1.1696821234659862
85,25,48746,570,86835,11.35,12,Unemployed,No,Home Purchase,No,8.57,No,1.0760922935531456
86,31,142883,456,127232,4.13,36,Unemployed,Yes,Home Purchase,Yes,4.15,No,0.589197854459816
87,40,107886,374,428306,9.99,72,Employed,Yes,Business Loan,Yes,0.89,Yes,1.7472874667151617
88,57,127141,429,223561,8.99,48,Employed,No,Car Loan,Yes,4.38,No,0.8443069039505118
89,38,20117,383,450358,8.95,12,Self-Employed,Yes,Education Loan,No,2.31,No,10.0
90,33,145808,321,248051,10.28,36,Unemployed,Yes,Business Loan,No,2.91,No,0.9566453812604578
91,62,132221,758,162547,8.68,24,Employed,No,Car Loan,No,7.72,No,0.6027124141693638
92,35,104471,838,417104,13.31,72,Self-Employed,Yes,Car Loan,No,0.76,No,1.7507568891832659
93,64,132613,681,48732,10.46,36,Unemployed,Yes,Business Loan,Yes,8.28,Yes,0.3515900770663706
94,41,33234,739,217695,8.66,36,Unemployed,No,Business Loan,No,4.28,Yes,3.211373207287486
95,43,149597,320,313449,12.62,84,Self-Employed,No,Car Loan,No,5.96,Yes,0.9988448061666765
96,42,123864,602,182109,9.49,36,Self-Employed,No,Car Loan,No,0.9,Yes,0.7121852020628876
97,62,73441,383,14346,5.08,84,Employed,No,Car Loan,Yes,3.37,Yes,0.1451371991032262
98,58,20846,752,267731,3.9,12,Unemployed,Yes,Business Loan,No,0.9,Yes,5.941619747316329
99,46,30954,686,17763,3.13,12,Unemployed,Yes,Car Loan,No,9.62,Yes,0.4440233297726958
100,32,99239,806,195237,13.59,24,Unemployed,No,Home Purchase,Yes,8.07,No,1.1571246762405933
101,62,133689,556,243553,10.94,60,Self-Employed,Yes,Business Loan,Yes,4.6,Yes,0.7807155400255539
102,18,66514,826,336759,14.12,60,Employed,Yes,Home Purchase,Yes,2.24,Yes,2.2305220295485384
103,42,108236,461,434332,9.45,60,Unemployed,No,Debt Consolidation,Yes,9.33,Yes,2.077905993651453
104,24,117579,462,125987,7.63,84,Self-Employed,No,Business Loan,No,3.45,No,0.5357648655356431
105,26,148644,823,221823,1.84,72,Unemployed,Yes,Debt Consolidation,Yes,1.61,Yes,0.8545152917799108
106,41,26469,570,96353,10.4,72,Employed,No,Car Loan,No,5.63,Yes,1.6850166428605302
107,18,50105,791,226373,9.15,24,Unemployed,No,Car Loan,No,9.44,No,2.3002174820284833
108,61,62101,507,362792,14.86,72,Employed,No,Education Loan,No,0.04,Yes,2.672639061244876
109,25,84323,838,30556,4.35,60,Employed,Yes,Car Loan,No,2.38,Yes,0.1240090586666205
110,41,111922,359,326186,8.43,60,Unemployed,No,Debt Consolidation,No,9.38,No,1.5884448008813854
111,28,78067,729,23099,10.11,36,Unemployed,Yes,Car Loan,Yes,1.71,Yes,0.31907663939022257
112,68,69376,608,376233,10.02,72,Employed,Yes,Business Loan,No,1.13,No,2.3938444733701814
113,34,65587,819,181168,8.86,12,Self-Employed,Yes,Car Loan,No,5.7,Yes,1.199568901336063
114,25,56976,326,208058,11.88,12,Employed,No,Education Loan,No,8.62,Yes,1.6960351173978008
115,52,124587,498,149302,3.87,36,Unemployed,No,Car Loan,Yes,4.77,Yes,0.81597459501512
116,52,147534,686,427225,11.16,36,Unemployed,No,Debt Consolidation,No,9.95,No,1.574145580932
117,50,87584,648,207041,9.68,36,Self-Employed,No,Debt Consolidation,No,6.79,No,1.11213221666812
118,22,124537,835,38866,13.55,12,Employed,No,Car Loan,Yes,0.74,No,0.19111868143004432
119,59,98477,677,110400,12.86,60,Employed,Yes,Debt Consolidation,No,9.93,Yes,0.4652714639850303
120,56,130911,826,351390,5.41,36,Employed,Yes,Debt Consolidation,No,4.08,Yes,1.1645402218048038
121,58,62533,452,344119,4.87,24,Unemployed,Yes,Education Loan,Yes,2.87,No,2.656251925937747
122,45,21828,505,440071,14.74,84,Employed,No,Business Loan,No,5.58,No,9.089243893618955
123,24,21917,754,348701,8.38,36,Self-Employed,Yes,Education Loan,No,3.04,Yes,7.091832805688632
124,26,40618,572,142488,13.69,84,Unemployed,Yes,Home Purchase,No,0.86,Yes,1.7601749756519616
125,25,52254,535,77516,3.29,48,Unemployed,No,Education Loan,No,0.01,Yes,0.9430980638603003
126,29,125292,820,191987,10.0,36,Employed,No,Car Loan,No,4.5,Yes,0.7380268429392751
127,51,136714,800,416274,12.34,12,Self-Employed,Yes,Business Loan,Yes,8.37,No,1.3263365420507123
128,50,67362,416,474853,14.26,72,Unemployed,Yes,Car Loan,Yes,5.72,Yes,3.3500248112634043
129,65,40128,685,438934,5.72,36,Unemployed,No,Home Purchase,Yes,9.99,Yes,5.178189341448488
130,40,143781,643,299746,11.15,72,Employed,No,Business Loan,No,2.87,Yes,0.9870828982491242
131,41,131281,694,472874,8.54,48,Employed,No,Debt Consolidation,No,2.8,Yes,1.666483985866242
132,54,79383,363,476328,1.85,24,Self-Employed,No,Education Loan,No,1.6,Yes,2.747132267751833
133,52,85545,371,194139,10.66,72,Employed,Yes,Car Loan,Yes,1.64,Yes,0.9853348872705945
134,61,102180,573,163588,10.66,84,Self-Employed,Yes,Home Purchase,No,2.85,Yes,0.6815275078746424
135,57,107958,619,134295,14.03,60,Unemployed,No,Debt Consolidation,No,7.93,No,0.8346411549620745
136,39,29865,637,92969,7.96,36,Self-Employed,Yes,Education Loan,No,9.06,No,1.3582968200041878
137,44,22219,665,137161,4.22,48,Self-Employed,Yes,Debt Consolidation,Yes,9.75,No,2.729320223856357
138,52,59809,794,435562,1.62,48,Self-Employed,No,Education Loan,Yes,2.32,Yes,3.3149972570227377
139,18,136748,465,210735,6.82,72,Unemployed,Yes,Business Loan,No,8.81,No,0.8805467885100768
140,52,25287,843,146559,5.23,24,Employed,Yes,Debt Consolidation,No,3.28,Yes,2.558814628068422
141,54,146593,310,267299,11.66,12,Unemployed,Yes,Debt Consolidation,No,1.13,Yes,1.011897519110834
142,64,54387,600,128950,5.96,36,Employed,No,Debt Consolidation,Yes,8.7,Yes,1.1158480556784178
143,31,28512,401,334638,14.29,48,Self-Employed,No,Business Loan,Yes,6.36,Yes,5.316539177266683
144,20,21342,724,81229,14.47,24,Self-Employed,Yes,Home Purchase,Yes,1.65,No,1.6680377634096888
145,18,83076,691,109648,9.69,60,Self-Employed,No,Education Loan,No,4.3,Yes,0.6438374366275719
146,22,128872,513,43547,14.0,48,Self-Employed,No,Debt Consolidation,Yes,2.87,Yes,0.2060599278622161
147,43,39216,387,33795,11.65,24,Self-Employed,No,Business Loan,No,7.37,No,0.4436543562800733
148,31,137512,700,191368,8.66,12,Employed,Yes,Home Purchase,No,4.53,No,0.586302502215348
149,56,136682,345,26447,3.52,12,Employed,Yes,Education Loan,Yes,9.89,No,0.05597409951539775
150,44,113070,762,172670,7.42,48,Self-Employed,No,Business Loan,No,0.55,Yes,0.7361083675673836
151,26,99767,609,440030,8.85,84,Unemployed,Yes,Education Loan,Yes,3.55,No,2.164160571846043
152,32,117829,385,226823,13.1,48,Unemployed,Yes,Debt Consolidation,No,4.82,Yes,1.0546146844283841
153,32,46614,391,261190,7.74,72,Self-Employed,Yes,Home Purchase,No,5.03,Yes,2.4786645816153383
154,43,56258,541,211402,13.57,36,Employed,Yes,Business Loan,Yes,3.16,No,1.6484694238634736
155,59,113789,301,257419,10.44,24,Unemployed,Yes,Home Purchase,No,7.29,No,1.208982283914886
156,30,62078,524,234817,2.92,48,Unemployed,No,Debt Consolidation,No,8.75,No,1.9735749765016342
157,68,126288,415,355104,14.93,36,Unemployed,Yes,Home Purchase,No,9.39,Yes,1.4511836345464324
158,49,103524,402,330422,8.38,72,Self-Employed,Yes,Home Purchase,No,8.05,Yes,1.3977066698208385
159,56,116573,493,60077,6.49,36,Unemployed,Yes,Car Loan,No,8.51,Yes,0.42036919401647266
160,66,32219,465,117782,10.23,48,Unemployed,No,Home Purchase,No,5.51,Yes,1.917774341732252
161,69,20235,389,107932,2.52,12,Unemployed,No,Education Loan,No,8.26,Yes,2.6717169756802543
162,49,62929,421,470122,9.91,24,Unemployed,No,Business Loan,No,3.04,Yes,3.628359312922594
163,21,147309,442,407744,7.98,24,Employed,Yes,Car Loan,Yes,3.98,No,1.2067881376790062
164,47,87444,405,492028,6.69,12,Self-Employed,No,Business Loan,Yes,3.17,Yes,2.5784347789453284
165,54,28567,727,448316,14.34,84,Self-Employed,No,Business Loan,No,4.67,No,7.084624911759726
166,40,121834,604,377013,8.32,48,Employed,No,Debt Consolidation,No,2.86,No,1.4400175329080354
167,56,90792,616,406395,4.07,24,Employed,No,Debt Consolidation,Yes,9.62,No,2.0590079848498637
168,62,85441,308,315925,7.43,48,Self-Employed,Yes,Car Loan,No,3.13,No,1.6277845350077949
169,32,104555,372,191339,13.87,72,Unemployed,No,Debt Consolidation,Yes,0.98,No,1.1020800728366156
170,60,93698,658,480595,3.47,48,Unemployed,No,Debt Consolidation,Yes,5.27,Yes,2.575261908189181
171,46,144450,522,422168,4.0,36,Self-Employed,Yes,Debt Consolidation,Yes,0.57,Yes,1.2745309985314885
172,53,137248,715,320942,1.18,12,Unemployed,Yes,Business Loan,No,1.11,Yes,1.2344911175214315
173,30,25415,669,103696,1.2,84,Employed,No,Car Loan,No,2.19,Yes,1.880976320780996
174,49,56159,563,55939,12.61,48,Unemployed,Yes,Business Loan,No,4.64,No,0.6346604238060615
175,24,63925,617,296660,11.25,84,Unemployed,No,Education Loan,Yes,4.33,No,2.356834624827125
176,68,146523,383,192598,5.97,84,Unemployed,Yes,Business Loan,Yes,8.0,No,0.7810704144595614
177,39,25951,617,146521,10.78,72,Self-Employed,Yes,Education Loan,Yes,7.39,Yes,2.493651266535248
178,45,107388,410,55290,6.53,60,Employed,No,Home Purchase,No,4.26,Yes,0.28755051544036836
179,19,28007,550,393832,14.34,12,Unemployed,Yes,Home Purchase,Yes,3.34,Yes,6.4899019010417245
180,59,146730,682,353805,14.54,84,Self-Employed,No,Education Loan,Yes,3.16,Yes,1.1330068538135183
181,62,61832,306,340098,6.5,24,Unemployed,Yes,Education Loan,No,7.74,No,2.6597979988769356
182,23,78596,758,289890,12.96,36,Employed,No,Business Loan,Yes,0.52,No,1.704636998489562
183,45,141101,383,72990,11.82,24,Unemployed,Yes,Education Loan,Yes,0.13,Yes,0.4238444703268025
184,45,50523,507,63810,5.34,72,Employed,Yes,Car Loan,No,7.96,Yes,0.5310858750308504
185,61,108861,689,123362,4.25,72,Unemployed,Yes,Home Purchase,No,4.77,No,0.6946527853751343
186,61,144194,613,481513,7.42,24,Employed,Yes,Home Purchase,Yes,1.31,No,1.4600114370929849
187,37,106740,321,151295,11.94,12,Unemployed,Yes,Education Loan,No,2.36,No,0.8294688377347621
188,47,35524,709,470453,14.44,24,Employed,No,Debt Consolidation,Yes,9.33,No,5.98677729426917
189,28,149028,814,138669,11.69,48,Unemployed,Yes,Debt Consolidation,No,8.6,Yes,0.6028125912532207
190,45,39282,426,201749,12.97,24,Unemployed,No,Education Loan,Yes,7.1,No,2.5819835302842353
191,42,43930,313,269803,9.44,36,Self-Employed,No,Car Loan,No,4.82,No,2.8124142882826546
192,56,20077,311,91516,12.7,36,Self-Employed,No,Debt Consolidation,Yes,5.2,No,2.102951065880556
193,50,125881,386,79567,11.98,60,Employed,Yes,Education Loan,No,9.75,No,0.25113434867371126
194,18,145501,823,282181,6.28,36,Unemployed,No,Car Loan,No,9.66,Yes,1.144477506891284
195,44,40611,836,131498,8.73,24,Employed,Yes,Car Loan,No,2.15,Yes,1.4126437608192501
196,69,36984,600,182810,12.27,36,Self-Employed,No,Business Loan,No,8.11,Yes,2.268401215595994
197,30,34060,542,469894,1.64,12,Employed,No,Car Loan,No,1.97,Yes,6.236454944610913
198,58,102985,421,17109,12.31,84,Employed,No,Debt Consolidation,No,2.14,Yes,0.1309917790561113
199,20,104056,446,289154,3.49,36,Self-Employed,No,Debt Consolidation,No,6.76,Yes,1.3011967678957672
200,56,145329,655,275931,8.21,48,Unemployed,No,Education Loan,Yes,4.05,No,1.127630871295275
201,23,63303,608,244472,12.32,12,Employed,Yes,Education Loan,Yes,9.32,No,1.6942554090077822
202,25,79207,587,144544,4.55,60,Self-Employed,No,Car Loan,No,0.89,No,0.8713035662060302
203,44,95046,606,251183,4.44,48,Unemployed,No,Home Purchase,No,5.12,No,1.461624185234058
204,26,49287,848,159455,6.64,24,Self-Employed,Yes,Business Loan,Yes,9.19,Yes,1.4113332202543196
205,54,113709,651,328853,13.52,84,Employed,Yes,Home Purchase,Yes,9.04,No,1.2591482037616109
206,50,59711,611,468001,1.01,24,Unemployed,Yes,Car Loan,No,1.57,Yes,3.699927997426159
207,68,31954,358,249325,13.62,84,Unemployed,No,Car Loan,Yes,3.67,No,3.7789853651416214
208,59,93340,334,39518,3.15,84,Self-Employed,No,Home Purchase,Yes,6.19,No,0.24904126910312782
209,61,92101,744,58909,14.86,24,Self-Employed,No,Business Loan,No,1.59,No,0.33854725484330794
210,41,91520,392,285495,14.37,48,Self-Employed,No,Home Purchase,No,9.68,Yes,1.4552334203786177
211,32,107062,506,205696,7.93,48,Unemployed,No,Education Loan,No,9.15,No,1.139779623431981
212,49,122974,652,451546,8.18,84,Unemployed,No,Debt Consolidation,Yes,1.67,Yes,1.9222756540787111
213,49,38574,631,20282,7.74,48,Employed,Yes,Education Loan,No,1.21,Yes,0.1989977111663434
214,41,29184,458,483082,9.9,84,Unemployed,Yes,Debt Consolidation,No,0.85,No,7.6078315943516985
215,58,39096,323,244017,2.27,84,Employed,No,Car Loan,Yes,9.09,Yes,2.8567047129868595
216,69,87728,703,419994,1.46,12,Self-Employed,No,Business Loan,No,1.94,Yes,2.1976281209113426
217,66,54016,815,422480,1.81,72,Self-Employed,No,Home Purchase,Yes,4.16,No,3.556315109484342
218,66,31246,663,457891,7.22,12,Unemployed,No,Business Loan,Yes,4.49,No,6.843636586399365
219,69,65558,681,272219,4.86,24,Self-Employed,No,Home Purchase,Yes,5.99,No,1.9132251597696939
220,29,138721,831,474164,9.71,72,Self-Employed,Yes,Education Loan,Yes,0.72,No,1.493392598513781
221,56,38381,451,184526,14.89,36,Unemployed,Yes,Education Loan,Yes,2.27,No,2.3447165902292286
222,19,147796,719,33365,6.41,24,Employed,No,Home Purchase,Yes,9.31,No,0.15329674992561287
223,20,56455,549,470982,9.03,60,Unemployed,Yes,Business Loan,No,9.08,Yes,3.926985168289683
224,66,112263,416,446416,6.82,12,Employed,No,Home Purchase,No,7.81,No,1.8386290424234737
225,54,24018,811,278146,12.86,48,Unemployed,No,Car Loan,No,0.19,No,5.465037684187979
226,66,31302,634,281091,13.63,12,Unemployed,No,Education Loan,Yes,3.27,Yes,4.301128246501559
227,34,87506,717,215294,13.28,48,Self-Employed,Yes,Car Loan,No,6.28,No,1.0650507891477525
228,66,61157,594,361984,14.64,72,Unemployed,Yes,Education Loan,Yes,2.75,Yes,2.840268912064716
229,19,74917,670,121219,1.39,60,Unemployed,No,Education Loan,No,9.1,No,1.0017262134937592
230,19,112738,485,345754,12.76,72,Employed,Yes,Debt Consolidation,Yes,6.34,No,1.3398457900732104
231,45,116646,545,319286,11.52,60,Self-Employed,Yes,Car Loan,No,0.72,Yes,1.1911020952322606
232,40,103122,567,61307,4.2,12,Employed,No,Car Loan,Yes,9.09,No,0.3202156752508595
233,54,44519,536,140565,14.39,48,Employed,Yes,Debt Consolidation,No,9.58,Yes,1.3795372401248498
234,49,116809,829,260095,3.07,72,Self-Employed,Yes,Business Loan,Yes,0.78,No,0.9594965807803734
235,50,107487,320,317229,10.51,60,Self-Employed,No,Car Loan,No,5.32,No,1.3824507763904634
236,18,76819,819,39228,4.15,84,Self-Employed,No,Home Purchase,Yes,3.03,Yes,0.2802070418068752
237,36,100910,399,215748,7.04,24,Unemployed,Yes,Debt Consolidation,No,3.93,No,1.1496582087224576
238,19,140430,777,450091,11.07,24,Self-Employed,No,Car Loan,No,1.8,No,1.4879323560102453
239,61,91324,597,429871,8.89,72,Self-Employed,Yes,Business Loan,No,5.78,Yes,2.0731256435683907
240,43,25408,825,48472,6.99,48,Self-Employed,No,Car Loan,Yes,9.58,No,0.9062308125610594
241,49,79379,633,316581,5.57,84,Employed,No,Education Loan,Yes,5.03,Yes,1.840179970387177
242,23,45053,301,447632,12.76,72,Employed,No,Home Purchase,Yes,0.83,No,4.513158739730906
243,49,29446,674,326855,3.01,12,Unemployed,No,Debt Consolidation,Yes,6.2,Yes,5.250802799803164
244,21,20922,592,142888,7.02,60,Employed,Yes,Education Loan,Yes,3.4,No,3.024304557118998
245,28,118723,617,82175,13.65,12,Unemployed,No,Business Loan,No,8.56,Yes,0.587392909525183
246,34,71356,801,69307,12.84,24,Employed,No,Education Loan,Yes,4.35,Yes,0.48674723876664416
247,55,30789,680,313877,6.61,60,Self-Employed,No,Education Loan,No,1.93,No,4.62082397167769
248,41,117720,313,395346,11.68,72,Employed,Yes,Business Loan,No,1.91,No,1.4755401410437932
249,22,86656,803,100028,12.52,12,Unemployed,Yes,Education Loan,Yes,7.69,Yes,0.7031868830849273
250,69,64028,530,147312,13.44,36,Employed,No,Debt Consolidation,No,2.66,No,1.0853641350573742
251,51,84484,383,496450,8.62,48,Self-Employed,No,Car Loan,Yes,7.67,Yes,2.6908682351993383
252,23,52154,429,97493,3.86,84,Unemployed,No,Education Loan,Yes,2.06,No,1.1180893909922374
253,39,102870,444,130149,4.57,84,Self-Employed,No,Debt Consolidation,Yes,3.22,No,0.6229453857951501
254,28,22336,327,234416,5.14,48,Self-Employed,No,Car Loan,No,4.65,Yes,4.7626126833091735
255,65,123677,365,207435,9.31,36,Unemployed,No,Car Loan,Yes,9.43,Yes,1.0338383398089737
256,33,87779,462,168834,1.46,24,Self-Employed,Yes,Education Loan,Yes,9.32,No,0.8278891077363294
257,50,39029,528,275403,9.9,60,Self-Employed,No,Debt Consolidation,Yes,2.07,No,3.2164843832834764
258,26,79201,560,186211,6.1,48,Employed,No,Education Loan,No,3.58,No,1.1074855975236493
259,23,52265,748,395919,5.13,36,Self-Employed,No,Business Loan,Yes,1.49,No,3.4464968019037197
260,33,122916,723,281993,13.31,72,Self-Employed,No,Car Loan,No,5.1,No,1.080171636227119
261,46,132250,759,348912,7.44,84,Self-Employed,No,Education Loan,No,4.61,Yes,1.2340680506656314
262,20,136553,600,373252,2.33,36,Self-Employed,No,Car Loan,Yes,9.01,No,1.2782530876617304
263,37,63872,602,356853,12.57,24,Unemployed,Yes,Debt Consolidation,No,9.3,No,2.691425324196359
264,53,66197,586,322013,1.67,24,Employed,Yes,Home Purchase,No,3.84,Yes,2.1437859222891738
265,36,145733,694,394032,11.17,12,Self-Employed,Yes,Education Loan,Yes,4.92,Yes,1.174356990283233
266,43,75180,309,68095,11.83,48,Self-Employed,Yes,Education Loan,Yes,8.96,Yes,0.37666791798244126
267,20,43710,569,122886,5.94,12,Unemployed,Yes,Car Loan,Yes,8.07,No,1.4480526110451102
268,36,49486,660,338054,12.55,84,Self-Employed,Yes,Debt Consolidation,No,0.04,Yes,3.024308161540843
269,37,91907,556,484926,8.22,36,Unemployed,No,Business Loan,Yes,3.2,Yes,2.642419240201357
270,49,148876,432,290711,7.49,60,Employed,No,Debt Consolidation,No,4.22,Yes,0.9313196567931021
271,24,91895,575,40292,1.64,60,Employed,No,Education Loan,No,2.3,Yes,0.2501755569952144
272,69,84435,812,79813,5.06,24,Self-Employed,No,Business Loan,No,2.0,No,0.475009070536224
273,58,60631,612,102136,14.03,60,Self-Employed,No,Debt Consolidation,No,0.38,No,0.8081033415942108
274,50,149038,583,56631,6.49,60,Self-Employed,No,Home Purchase,No,6.43,No,0.2238625801969587
275,57,121532,420,14885,8.65,84,Unemployed,Yes,Car Loan,Yes,2.63,Yes,0.2458912278674706
276,56,40103,406,457875,8.45,60,Self-Employed,No,Debt Consolidation,Yes,0.52,Yes,5.173331598406258
277,35,84772,503,190378,9.27,36,Self-Employed,Yes,Debt Consolidation,No,2.31,Yes,0.97155723417396
278,57,146108,464,333458,1.86,60,Employed,Yes,Home Purchase,No,8.02,Yes,0.9886648887582148
279,18,34382,604,332231,6.07,72,Self-Employed,No,Education Loan,Yes,8.51,Yes,4.383469388958412
280,28,104291,796,427381,11.12,60,Employed,No,Car Loan,Yes,4.83,Yes,1.887909279282449
281,45,121195,455,457145,3.81,60,Self-Employed,No,Debt Consolidation,No,4.16,No,1.7460471876412278
282,42,23756,666,465244,3.85,12,Employed,No,Business Loan,No,9.78,No,8.828724263006158
283,67,40609,550,363142,1.14,36,Self-Employed,No,Debt Consolidation,Yes,2.01,Yes,4.061313312494895
284,40,134074,633,54812,7.12,24,Employed,No,Car Loan,Yes,2.15,No,0.23618013988761993
285,48,36478,810,186572,13.36,12,Unemployed,No,Debt Consolidation,No,2.92,Yes,2.5674650303402107
286,47,120978,592,477367,1.73,48,Employed,Yes,Home Purchase,Yes,1.73,Yes,1.732081132429545
287,59,59666,319,325787,3.68,36,Employed,No,Debt Consolidation,Yes,3.79,No,2.506761045947516
288,52,95683,581,49900,5.34,72,Employed,No,Debt Consolidation,No,9.11,Yes,0.28731445183975046
289,24,119097,300,441162,11.24,36,Self-Employed,Yes,Business Loan,No,6.15,No,1.631149599555099
290,33,144714,418,406067,9.97,48,Self-Employed,No,Home Purchase,No,4.12,Yes,1.3140434333467075
291,43,120420,334,283432,6.82,48,Self-Employed,No,Home Purchase,Yes,9.34,Yes,1.1140546135498308
292,65,91315,497,77692,11.63,48,Unemployed,Yes,Debt Consolidation,No,0.48,No,0.5706193549220391
293,69,97834,784,465796,9.53,84,Unemployed,No,Business Loan,Yes,2.1,Yes,2.409211669030157
294,66,146205,358,405584,13.54,24,Employed,No,Debt Consolidation,No,5.66,Yes,1.3015365771300837
295,19,34153,460,352580,12.45,60,Unemployed,No,Debt Consolidation,No,6.16,Yes,4.905883864993966
296,18,129415,505,232208,4.54,36,Employed,No,Car Loan,Yes,0.4,No,0.8588309125169862
297,65,96325,311,51403,4.8,84,Employed,No,Car Loan,Yes,4.03,Yes,0.29944513915979354
298,29,129701,789,96170,2.75,60,Employed,No,Business Loan,No,6.49,Yes,0.3838498948317587
299,22,32999,575,276312,5.72,60,Unemployed,Yes,Education Loan,No,6.98,Yes,3.940389254527301
300,54,75318,541,484713,14.99,72,Self-Employed,No,Car Loan,Yes,6.38,No,2.9380811001165896
301,49,20814,515,317023,6.68,48,Unemployed,No,Education Loan,No,3.21,No,7.104077068911254
302,26,135033,550,64871,4.09,24,Employed,Yes,Home Purchase,Yes,0.94,No,0.1797052142139949
303,58,96077,425,487604,11.67,72,Employed,Yes,Car Loan,Yes,4.27,No,2.241089270540862
304,52,110474,516,496862,8.59,12,Unemployed,No,Car Loan,No,1.29,No,2.2940837549735176
305,36,22443,605,37174,3.09,84,Employed,Yes,Business Loan,Yes,9.48,Yes,0.7059375528687326
306,65,95993,484,235823,6.33,84,Employed,No,Education Loan,Yes,4.75,No,1.1560408795255612
307,33,95916,338,228563,6.8,24,Unemployed,No,Car Loan,Yes,3.17,No,1.351064987684698
308,20,93319,522,142653,11.55,60,Unemployed,Yes,Car Loan,No,7.66,Yes,0.8739438222253155
309,37,145885,483,115155,1.29,84,Unemployed,No,Business Loan,Yes,4.98,No,0.6329638531441897
310,41,129777,794,338997,4.77,24,Employed,No,Business Loan,No,3.1,Yes,1.222100261528281
311,50,37368,726,331190,8.25,84,Employed,Yes,Education Loan,No,8.12,No,3.93410169148369
312,41,35328,477,316822,4.76,84,Self-Employed,Yes,Home Purchase,No,8.67,Yes,3.984413610985409
313,69,76942,727,293793,9.8,48,Self-Employed,Yes,Home Purchase,Yes,6.73,Yes,1.6735270133008715
314,28,111751,593,132795,7.75,12,Unemployed,Yes,Debt Consolidation,Yes,0.47,No,0.7203992963565158
315,66,119131,450,93668,6.06,48,Self-Employed,No,Car Loan,No,5.66,No,0.4081979439025163
316,25,47306,683,218397,14.29,12,Employed,Yes,Education Loan,No,7.63,Yes,2.031665702143617
317,53,105451,607,150639,9.85,84,Self-Employed,Yes,Car Loan,Yes,1.37,Yes,0.6038079469190527
318,55,59915,635,478620,2.82,72,Employed,Yes,Education Loan,No,2.29,Yes,3.543054634879041
319,57,57219,674,357050,8.84,60,Unemployed,Yes,Education Loan,No,8.82,Yes,2.9832781509136357
320,37,100879,307,244141,11.93,84,Unemployed,Yes,Education Loan,Yes,0.2,Yes,1.2794442103955663
321,52,131939,640,101019,10.92,12,Employed,No,Car Loan,No,7.53,Yes,0.3960053079875408
322,65,84644,428,460160,3.41,12,Self-Employed,Yes,Business Loan,Yes,4.74,Yes,2.4029112564021586
323,42,80279,651,345146,14.61,12,Unemployed,No,Car Loan,Yes,4.47,No,2.2034584380797004
324,52,73028,657,33803,7.28,84,Unemployed,Yes,Education Loan,No,0.07,Yes,0.3945819350195593
325,42,124263,816,154302,3.23,24,Self-Employed,Yes,Debt Consolidation,Yes,8.19,No,0.5182155182038979
326,46,20126,794,153934,3.52,72,Self-Employed,Yes,Home Purchase,Yes,3.6,No,3.38936936837042
327,35,72329,385,441571,2.38,24,Employed,Yes,Education Loan,Yes,5.41,Yes,2.7037013529582534
328,63,47632,474,429475,12.25,60,Self-Employed,Yes,Debt Consolidation,No,6.77,Yes,4.006210659238135
329,35,127099,492,235147,2.71,84,Self-Employed,Yes,Business Loan,No,7.03,No,0.7944551888554341
330,19,85310,610,485661,2.75,12,Self-Employed,Yes,Education Loan,No,9.56,Yes,2.5147212834736212
331,52,129945,418,35795,12.91,72,Employed,Yes,Debt Consolidation,Yes,5.31,Yes,0.09043794268325572
332,33,75176,517,275914,5.82,72,Employed,No,Education Loan,Yes,4.0,No,1.699275073289861
333,58,139797,726,16093,1.43,36,Unemployed,Yes,Car Loan,No,9.54,No,0.23809550365129617
334,53,106066,713,444787,1.73,60,Employed,No,Debt Consolidation,No,6.42,No,1.9313718935630042
335,50,125500,413,398409,2.99,72,Unemployed,Yes,Car Loan,Yes,2.98,Yes,1.6137756300485695
336,21,146413,444,367455,3.99,84,Self-Employed,No,Car Loan,No,1.26,Yes,1.180646366818172
337,50,64327,837,284713,10.31,12,Unemployed,Yes,Debt Consolidation,No,8.43,No,2.169079500126927
338,31,88904,602,278334,3.2,12,Unemployed,Yes,Home Purchase,No,3.62,Yes,1.5907197890457114
339,38,23797,644,329968,2.66,72,Self-Employed,Yes,Debt Consolidation,No,6.6,No,6.176837794633024
340,65,67882,300,178824,11.71,24,Unemployed,No,Home Purchase,No,4.71,Yes,1.4653954720613047
341,37,33718,446,168399,10.39,60,Employed,No,Education Loan,Yes,1.99,No,2.2940076263793037
342,25,54560,586,309214,7.09,12,Employed,No,Education Loan,No,6.02,Yes,2.5932259624833254
343,24,96589,352,484141,8.69,72,Employed,No,Debt Consolidation,No,0.61,No,2.3047779806543236
344,20,42116,603,45197,5.37,12,Employed,Yes,Education Loan,Yes,4.13,Yes,0.44461039422034876
345,34,56244,368,7261,7.76,72,Unemployed,Yes,Business Loan,Yes,5.47,Yes,0.2503655099505572
346,50,121721,660,492121,8.09,60,Unemployed,Yes,Car Loan,Yes,4.36,No,1.9988847519650657
347,65,21645,519,162584,6.42,72,Self-Employed,No,Car Loan,Yes,7.49,Yes,3.420534876347572
348,29,67523,460,404932,13.69,36,Unemployed,Yes,Home Purchase,No,8.28,Yes,2.877428474431353
349,68,144085,388,353939,1.22,72,Unemployed,No,Education Loan,No,7.71,No,1.3822977786756263
350,39,137718,458,296077,11.95,72,Unemployed,No,Home Purchase,No,0.39,Yes,1.2431476577365905
351,39,39256,788,140450,2.74,84,Self-Employed,No,Car Loan,No,1.94,Yes,1.6548684562155818
352,63,121376,623,45583,12.17,60,Employed,No,Car Loan,Yes,5.37,Yes,0.2213861781186731
353,47,120158,680,379226,9.62,84,Unemployed,No,Education Loan,Yes,9.35,No,1.690843349422915
354,55,73173,401,352515,12.81,72,Self-Employed,Yes,Business Loan,No,8.35,No,2.126292819788351
355,55,57430,793,165105,2.37,60,Self-Employed,No,Business Loan,No,8.43,No,1.3398467863872026
356,62,59282,318,422216,8.83,36,Self-Employed,No,Education Loan,No,3.03,No,3.251572442354061
357,68,139719,753,116032,8.02,60,Employed,Yes,Education Loan,No,4.29,No,0.33437668936009757
358,25,83374,781,211940,10.89,12,Unemployed,No,Home Purchase,Yes,4.71,Yes,1.4148360296367652
359,44,88244,696,309748,8.48,84,Self-Employed,No,Education Loan,No,1.57,Yes,1.6252976946733446
360,44,31694,578,466552,8.57,60,Employed,Yes,Business Loan,Yes,0.31,No,6.560579778138006
361,51,76264,664,362218,7.01,36,Self-Employed,Yes,Education Loan,Yes,9.47,Yes,2.0913820191711467
362,38,95060,630,231727,5.32,48,Self-Employed,Yes,Home Purchase,Yes,2.41,Yes,1.0557674785233278
363,47,117416,643,78869,7.75,72,Self-Employed,No,Home Purchase,Yes,2.4,Yes,0.353874705199724
364,50,77545,754,272554,2.66,60,Self-Employed,Yes,Home Purchase,No,0.83,Yes,1.5372640587879207
365,45,138195,364,350519,14.46,72,Self-Employed,Yes,Home Purchase,No,9.29,No,1.105202329418367
366,64,59224,375,192116,11.0,24,Employed,Yes,Debt Consolidation,No,5.8,No,1.4218762995317455
367,50,122516,442,199387,14.33,12,Unemployed,No,Education Loan,No,6.67,Yes,1.0093852518515434
368,22,117945,772,363199,4.17,84,Unemployed,Yes,Car Loan,Yes,9.12,Yes,1.5660775784830216
369,65,33224,716,207416,13.31,12,Unemployed,No,Education Loan,Yes,3.46,No,3.073810147282634
370,36,60738,604,405012,12.32,24,Unemployed,No,Debt Consolidation,Yes,6.22,Yes,3.265522065728149
371,21,45150,796,91716,10.48,24,Employed,Yes,Home Purchase,No,0.39,Yes,0.8721997831653605
372,52,83731,590,59245,9.75,84,Employed,No,Debt Consolidation,Yes,1.87,Yes,0.3705693206455879
373,66,69688,401,48056,5.43,60,Employed,No,Business Loan,Yes,8.31,No,0.3660938947135686
374,34,119929,566,415925,12.43,24,Self-Employed,Yes,Business Loan,Yes,7.67,No,1.518314834729162
375,61,128618,302,255736,8.02,48,Self-Employed,No,Education Loan,Yes,3.51,Yes,0.9517522856771778
376,45,93509,384,325701,1.99,72,Self-Employed,Yes,Education Loan,No,3.77,Yes,1.5287910097231208
377,47,28577,627,284687,5.38,72,Unemployed,No,Car Loan,Yes,5.34,Yes,4.741320124437321
378,46,28070,749,435634,14.09,36,Self-Employed,No,Car Loan,Yes,0.0,Yes,7.006500535936784
379,63,146161,753,230683,12.91,24,Unemployed,Yes,Business Loan,No,2.41,Yes,0.8935461290013352
380,23,28666,520,363182,14.75,24,Self-Employed,Yes,Home Purchase,No,2.08,Yes,5.642315264257412
381,52,77761,453,414940,9.79,48,Unemployed,No,Debt Consolidation,No,2.5,No,2.6710607844218535
382,58,141178,311,270972,4.47,12,Self-Employed,No,Car Loan,Yes,8.06,No,0.9204145758493061
383,54,56368,432,121656,3.28,12,Self-Employed,Yes,Car Loan,Yes,2.8,Yes,0.9338023310354416
384,41,26783,603,22087,3.62,72,Employed,No,Home Purchase,Yes,1.92,No,0.4228809921931015
385,46,131530,592,410821,1.28,72,Self-Employed,No,Home Purchase,Yes,5.04,Yes,1.4531277574119197
386,66,61914,599,298481,6.47,60,Self-Employed,No,Education Loan,No,8.66,Yes,2.213719994701483
387,63,90507,342,141554,3.68,84,Employed,No,Debt Consolidation,Yes,2.41,No,0.7598680789355395
388,48,147738,642,332477,6.76,48,Unemployed,Yes,Home Purchase,Yes,0.79,No,1.1957875426160094
389,52,99026,625,490757,14.09,84,Employed,Yes,Car Loan,No,3.56,Yes,2.184255538479137
390,50,135893,797,486512,7.03,84,Employed,Yes,Car Loan,No,7.48,Yes,1.5662171984755615
391,69,131255,663,187024,13.29,36,Unemployed,Yes,Business Loan,No,5.51,No,0.8256170881469607
392,38,130616,726,141535,9.48,84,Self-Employed,Yes,Home Purchase,Yes,8.17,No,0.4480301964629969
393,49,87526,320,248236,4.46,36,Unemployed,Yes,Education Loan,Yes,9.6,Yes,1.4652703263094036
394,40,90835,706,75448,5.98,84,Self-Employed,No,Debt Consolidation,Yes,7.93,Yes,0.42445864242649567
395,50,65765,635,9648,2.17,48,Self-Employed,Yes,Education Loan,Yes,6.04,Yes,0.02907517717929282
396,20,39956,416,397720,5.67,36,Unemployed,No,Car Loan,Yes,4.93,No,4.741291647548602
397,35,107895,423,300767,10.49,12,Employed,No,Education Loan,No,0.4,Yes,1.305668235924311
398,42,66240,698,457372,2.01,36,Unemployed,No,Car Loan,No,9.84,No,3.3705431340440626
399,59,141008,350,40634,3.88,36,Self-Employed,Yes,Car Loan,Yes,3.83,Yes,0.09821431036537444
400,48,57148,623,442818,6.34,48,Unemployed,No,Car Loan,Yes,1.52,No,3.749460343829128
401,20,114270,440,381742,14.75,48,Unemployed,Yes,Car Loan,Yes,6.67,No,1.6875550713437892
402,57,147978,769,316478,11.99,36,Self-Employed,No,Car Loan,Yes,2.84,No,1.010113816837036
403,63,24757,633,335792,11.27,24,Employed,No,Business Loan,Yes,5.86,No,6.131056893509283
404,41,39097,672,27054,2.63,48,Unemployed,Yes,Education Loan,No,5.87,Yes,0.49709117359657934
405,67,30395,793,75028,11.93,60,Self-Employed,No,Business Loan,No,4.46,No,1.1577046468079764
406,49,36241,838,27207,11.99,60,Self-Employed,No,Business Loan,No,8.36,No,0.38766276360381935
407,64,123892,455,478866,9.42,12,Unemployed,No,Home Purchase,Yes,2.65,No,2.0118761485549825
408,39,47696,590,235893,14.87,84,Employed,No,Home Purchase,Yes,4.49,Yes,2.2697880713473295
409,40,135654,443,86554,5.55,36,Unemployed,Yes,Home Purchase,No,5.38,Yes,0.4763750147027943
410,19,90480,405,157458,14.18,24,Employed,No,Debt Consolidation,No,6.64,Yes,0.8368065918842787
411,44,66163,719,88276,13.81,12,Employed,No,Home Purchase,Yes,7.84,Yes,0.6500236169174173
412,59,39816,301,457734,1.16,36,Employed,Yes,Education Loan,No,3.95,Yes,5.122850811229891
413,19,69840,389,319925,7.3,48,Employed,No,Business Loan,No,6.46,Yes,2.110178996374542
414,43,122547,644,188852,14.68,60,Unemployed,No,Education Loan,Yes,1.51,No,0.967497199929412
415,34,72853,649,197512,2.44,72,Self-Employed,No,Home Purchase,No,9.33,No,1.267704024244861
416,57,44917,758,442415,8.67,24,Self-Employed,No,Debt Consolidation,No,3.83,No,4.46561584584618
417,50,116731,562,328179,14.71,72,Self-Employed,Yes,Debt Consolidation,No,7.3,Yes,1.2240996035434493
418,26,41566,650,13210,8.78,60,Self-Employed,No,Business Loan,Yes,0.2,No,0.19521110230667327
419,60,95452,407,49363,3.66,84,Self-Employed,Yes,Education Loan,No,2.05,No,0.19903247113018652
420,65,82823,338,247247,9.15,84,Self-Employed,No,Car Loan,No,4.87,Yes,1.3969058102827
421,56,141392,458,83279,3.86,72,Unemployed,No,Education Loan,No,8.78,No,0.5436846564900434
422,46,40806,611,196420,8.28,48,Employed,No,Home Purchase,Yes,5.27,Yes,2.210261951158946
423,59,95520,540,191356,2.04,36,Self-Employed,Yes,Car Loan,Yes,9.3,No,0.8622971426941781
424,43,21759,744,208196,9.48,48,Unemployed,No,Debt Consolidation,No,4.84,Yes,4.563712493203217
425,52,146092,597,204919,8.24,72,Self-Employed,No,Business Loan,Yes,4.9,Yes,0.6819714447864965
426,67,61949,335,420648,11.36,48,Self-Employed,Yes,Business Loan,No,1.2,Yes,3.012488598060102
427,42,112374,383,262324,9.83,60,Employed,Yes,Debt Consolidation,Yes,8.03,No,1.0140601276054397
428,41,22482,751,200161,8.69,24,Employed,Yes,Home Purchase,Yes,2.47,No,3.9519268105708356
429,30,44442,684,453614,10.66,48,Employed,Yes,Debt Consolidation,No,9.0,Yes,4.536728888533521
430,24,53719,471,235363,3.02,60,Self-Employed,No,Home Purchase,No,9.11,Yes,2.018794131323451
431,53,78066,675,139393,9.34,24,Self-Employed,No,Car Loan,No,9.43,No,0.852692578692469
432,62,113501,661,348492,3.41,84,Self-Employed,No,Debt Consolidation,Yes,5.2,No,1.4285807758079907
433,37,22079,440,435599,13.96,36,Employed,No,Home Purchase,No,6.77,Yes,8.897083959052445
434,18,22717,417,380960,1.96,72,Unemployed,Yes,Car Loan,Yes,7.79,No,7.705966393389968
435,25,79676,576,214754,7.03,84,Self-Employed,No,Debt Consolidation,Yes,1.31,No,1.2615158264874307
436,63,47952,519,128053,10.74,36,Self-Employed,No,Business Loan,No,6.01,No,1.2512121498758177
437,33,106444,325,477406,7.41,84,Self-Employed,No,Debt Consolidation,Yes,0.34,Yes,2.069524907231604
438,31,62460,820,188965,2.29,12,Unemployed,No,Education Loan,No,4.98,Yes,1.631155757454773
439,29,110397,309,171892,8.75,84,Self-Employed,Yes,Debt Consolidation,Yes,1.55,No,0.6685171882655255
440,68,92847,677,333406,9.98,60,Unemployed,No,Education Loan,No,1.83,Yes,1.8857405421908646
441,40,113607,451,139832,10.85,24,Self-Employed,No,Car Loan,Yes,3.65,No,0.6074004445503642
442,32,109106,348,158262,6.23,84,Unemployed,No,Debt Consolidation,Yes,4.32,No,0.9328505313100778
443,45,38449,453,72411,8.89,48,Self-Employed,Yes,Car Loan,No,6.23,Yes,0.810112859224406
444,51,53536,592,290521,7.31,36,Employed,Yes,Car Loan,Yes,0.74,Yes,2.395633279198441
445,19,84077,349,444953,10.41,84,Employed,No,Home Purchase,No,5.04,Yes,2.430282885028854
446,49,58258,830,467785,9.17,24,Employed,No,Car Loan,Yes,1.83,No,3.649493942232965
447,40,68302,359,43211,8.36,60,Employed,No,Car Loan,Yes,5.74,No,0.3418846016609473
448,39,145937,466,218981,4.49,12,Self-Employed,Yes,Debt Consolidation,Yes,6.37,Yes,0.6383045464472793
449,68,48865,501,270888,1.03,36,Employed,No,Debt Consolidation,No,5.57,Yes,2.5390406635812672
450,42,26645,445,261638,3.44,72,Unemployed,No,Business Loan,No,7.38,Yes,4.680296924703542
451,39,139771,738,292139,2.64,24,Employed,No,Home Purchase,No,3.36,No,0.9885993530998362
452,39,58000,541,153049,7.29,72,Employed,Yes,Car Loan,No,7.65,No,1.1470472458876118
453,66,46737,782,234010,9.57,24,Employed,No,Home Purchase,No,4.33,No,2.2953450993312545
454,69,31485,407,39542,3.98,24,Self-Employed,No,Education Loan,Yes,4.84,Yes,0.6197044889314416
455,59,58565,525,15651,14.15,60,Employed,Yes,Car Loan,Yes,6.48,Yes,0.08456892385976793
456,23,45522,731,104239,1.09,60,Unemployed,Yes,Home Purchase,No,0.18,No,1.2125979805935083
457,32,139614,718,346075,11.81,60,Employed,No,Business Loan,Yes,6.54,Yes,1.1629403028680552
458,60,85155,754,231416,9.75,84,Employed,Yes,Business Loan,Yes,6.19,Yes,1.1800234757324644
459,54,75168,459,369256,6.23,48,Employed,No,Car Loan,Yes,3.1,Yes,2.257010492989494
460,50,72487,822,283859,1.71,24,Unemployed,Yes,Education Loan,Yes,0.86,Yes,1.9406238602538135
461,25,149948,376,442625,9.78,36,Employed,Yes,Business Loan,No,0.91,No,1.2909797483369647
462,61,32342,808,160378,6.4,72,Unemployed,No,Business Loan,Yes,9.23,Yes,2.4976485863462736
463,61,60806,740,155158,14.11,60,Unemployed,No,Education Loan,No,6.89,No,1.4194780589130915
464,22,68770,553,412592,8.59,84,Employed,No,Home Purchase,No,1.27,No,2.7425390000857246
465,56,98623,619,328494,14.16,60,Unemployed,Yes,Business Loan,Yes,3.57,Yes,1.6801750618099662
466,21,123177,562,338569,4.09,72,Self-Employed,No,Debt Consolidation,No,5.92,No,1.2855930583477457
467,23,119785,673,434852,11.16,72,Employed,No,Business Loan,Yes,8.36,No,1.679354764184223
468,62,95629,466,353264,9.64,24,Employed,No,Home Purchase,Yes,0.44,Yes,1.710919858393497
469,49,140993,758,382033,11.35,60,Unemployed,No,Home Purchase,Yes,2.37,No,1.4900920741241563
470,69,72603,579,449865,4.01,72,Unemployed,No,Car Loan,No,8.9,No,3.054352502635054
471,47,146944,601,432826,10.31,48,Employed,Yes,Debt Consolidation,No,0.09,No,1.283676837378923
472,64,132726,830,146130,7.97,48,Self-Employed,No,Home Purchase,No,2.01,No,0.5446751894678339
473,52,101974,517,260948,11.4,60,Unemployed,No,Education Loan,Yes,9.59,No,1.4253510588129472
474,57,125947,401,341781,5.58,84,Unemployed,Yes,Debt Consolidation,Yes,6.13,No,1.407568949893174
475,69,46399,587,476249,13.46,72,Self-Employed,No,Debt Consolidation,Yes,2.62,No,4.653126938110979
476,33,148177,466,337338,2.18,24,Self-Employed,No,Education Loan,No,0.67,No,1.0757008920019946
477,30,105382,335,344061,12.3,24,Employed,No,Business Loan,Yes,0.28,Yes,1.5223401644097905
478,67,101244,652,69200,13.06,84,Self-Employed,No,Education Loan,Yes,2.45,Yes,0.35906253409587596
479,59,129575,372,110848,12.44,24,Employed,No,Education Loan,No,8.81,Yes,0.4413017223039723
480,47,135520,652,111022,8.18,12,Self-Employed,Yes,Business Loan,No,4.16,No,0.3302629431009886
481,36,130904,369,182691,7.14,60,Unemployed,Yes,Business Loan,No,7.2,No,0.817881361840162
482,34,96534,724,415370,14.95,24,Employed,Yes,Business Loan,Yes,9.18,No,1.8906514925334739
483,36,75106,816,417755,4.21,48,Employed,No,Business Loan,Yes,4.08,Yes,2.543925401291896
484,45,132599,727,261453,8.66,72,Employed,Yes,Business Loan,Yes,1.91,Yes,0.8460238551413602
485,43,50678,838,327202,10.39,36,Self-Employed,No,Education Loan,No,5.17,Yes,2.944527580124741
486,54,96218,459,67068,10.81,84,Unemployed,No,Car Loan,No,9.08,No,0.5920819403396391
487,43,83230,448,475529,3.86,36,Employed,No,Car Loan,No,8.04,Yes,2.6162042821000977
488,40,134684,529,367076,10.16,24,Employed,Yes,Home Purchase,No,0.66,Yes,1.1860804793683564
489,26,94055,366,166445,12.46,36,Employed,Yes,Car Loan,Yes,6.93,No,0.7615382503906627
490,29,76373,680,169226,1.7,36,Employed,Yes,Car Loan,Yes,5.72,Yes,0.9558027510704492
491,18,51480,357,142103,13.76,12,Unemployed,No,Education Loan,Yes,9.07,No,1.5194814122164313
492,18,105230,558,229605,1.41,48,Self-Employed,Yes,Business Loan,Yes,1.22,Yes,0.9420755108736483
493,64,88836,641,208047,5.98,84,Unemployed,No,Business Loan,Yes,5.34,No,1.3264127489903603
494,51,92258,429,289929,1.22,48,Employed,Yes,Education Loan,Yes,8.79,No,1.3749783559280142
495,49,59986,471,477144,2.08,12,Unemployed,Yes,Car Loan,Yes,4.1,No,3.754308291745759
496,65,44160,508,254768,13.76,12,Employed,No,Education Loan,Yes,4.82,No,2.640014597244697
497,42,105595,653,164741,5.97,36,Self-Employed,No,Home Purchase,No,0.7,No,0.7518842763339039
498,57,121358,770,99475,6.95,60,Self-Employed,Yes,Business Loan,No,2.78,Yes,0.32941251002630617
499,62,99111,415,7282,4.01,72,Self-Employed,Yes,Debt Consolidation,Yes,3.25,No,0.0
500,18,84929,563,170696,9.36,72,Employed,Yes,Home Purchase,No,9.45,No,0.8648972792159815
501,33,93506,741,184510,9.33,36,Unemployed,No,Home Purchase,Yes,2.83,No,1.160256681492289
502,56,54911,847,225972,6.21,72,Self-Employed,No,Education Loan,Yes,4.61,No,1.8953114605812746
503,22,107127,752,334678,5.66,12,Employed,Yes,Car Loan,No,6.71,Yes,1.362216939942122
504,39,51821,776,167777,13.39,48,Employed,Yes,Business Loan,Yes,1.62,No,1.4128950847007395
505,46,95039,586,436460,6.37,72,Unemployed,No,Debt Consolidation,Yes,4.86,Yes,2.3355655235389623
506,20,80535,602,342108,7.91,84,Self-Employed,Yes,Home Purchase,Yes,7.39,No,1.8673065835746026
507,29,133453,610,173509,4.97,36,Employed,No,Debt Consolidation,Yes,8.67,No,0.6358701298920548
508,43,104458,507,213944,12.01,60,Unemployed,No,Car Loan,Yes,6.26,Yes,1.1966083178560587
509,33,32175,745,473094,6.56,36,Self-Employed,No,Car Loan,Yes,6.69,Yes,6.640964833048814
510,68,139235,354,124006,8.19,24,Unemployed,No,Debt Consolidation,Yes,1.26,Yes,0.6817254337691652
511,54,74771,311,241440,4.55,36,Unemployed,No,Business Loan,No,9.46,No,1.7313742639119842
512,39,126660,699,209054,14.83,12,Employed,No,Car Loan,No,1.33,Yes,0.7919390710077714
513,46,147157,814,317727,5.08,48,Employed,Yes,Debt Consolidation,Yes,7.75,No,0.9293181042706822
514,31,141300,841,305536,11.79,48,Employed,No,Home Purchase,No,2.65,Yes,1.0202078115829223
515,45,106925,536,12461,6.98,84,Unemployed,No,Debt Consolidation,Yes,9.34,Yes,0.3305449400748258
516,22,133374,578,105123,3.89,72,Employed,Yes,Debt Consolidation,Yes,7.2,No,0.3172298739804608
517,64,86358,647,277660,12.2,12,Unemployed,No,Education Loan,Yes,7.54,Yes,1.7176898493298953
518,66,37327,403,477501,5.67,24,Unemployed,Yes,Car Loan,Yes,2.19,Yes,5.923969319620679
519,47,67057,816,153586,13.11,12,Employed,No,Business Loan,No,4.43,No,1.0777565801904314
520,63,26150,547,388395,13.81,36,Self-Employed,Yes,Business Loan,No,6.18,No,6.620200658496467
521,69,24425,663,499178,13.04,12,Self-Employed,Yes,Education Loan,No,7.7,No,9.121332632595362
522,22,143654,620,434484,1.49,12,Self-Employed,No,Business Loan,No,1.04,Yes,1.4084739396531702
523,29,36032,585,488702,12.02,84,Unemployed,No,Debt Consolidation,Yes,9.62,Yes,6.355465453754463
524,33,22198,448,236496,6.76,24,Unemployed,No,Education Loan,No,8.9,Yes,5.054198436185944
525,43,80500,383,172860,13.23,36,Unemployed,No,Home Purchase,Yes,2.7,Yes,1.2439211363014115
526,43,73394,705,211821,9.93,60,Employed,Yes,Car Loan,Yes,8.23,Yes,1.255942457047873
527,65,40079,755,197121,12.67,84,Unemployed,Yes,Car Loan,No,5.18,No,2.390263457409093
528,38,56220,460,329637,7.99,60,Employed,Yes,Car Loan,Yes,4.62,Yes,2.593496048043228
529,56,61874,759,41027,8.49,84,Employed,No,Debt Consolidation,No,3.14,No,0.3489412428059566
530,53,33859,849,360691,3.02,48,Self-Employed,Yes,Home Purchase,No,5.81,Yes,4.7352541806837305
531,50,70460,799,178921,11.98,84,Self-Employed,No,Education Loan,No,7.3,No,1.1894316296283876
532,47,51419,808,367271,6.87,72,Self-Employed,No,Education Loan,No,4.11,Yes,3.2522346373064264
533,54,138865,780,153930,8.0,12,Employed,Yes,Car Loan,No,6.29,Yes,0.4587567778386404
534,40,28705,413,220234,11.99,48,Employed,No,Home Purchase,Yes,6.99,No,3.494868416088293
535,27,62880,660,84003,9.38,24,Employed,Yes,Home Purchase,No,7.11,Yes,0.5617211554688099
536,22,149838,640,188467,3.82,60,Unemployed,No,Home Purchase,No,0.52,No,0.8406096694247255
537,53,43236,748,44758,9.26,84,Employed,Yes,Business Loan,Yes,8.6,Yes,0.4261623395604905
538,51,107955,479,321456,6.71,12,Self-Employed,No,Business Loan,No,4.58,Yes,1.389615143728331
539,69,105514,706,335814,7.57,24,Self-Employed,Yes,Car Loan,No,2.62,No,1.3888314188873454
540,48,123145,495,87279,1.4,72,Employed,Yes,Home Purchase,Yes,2.42,Yes,0.28293471810158494
541,27,35358,765,20434,3.94,24,Employed,No,Home Purchase,Yes,4.83,No,0.31073485512328103
542,36,119713,610,200119,4.93,12,Self-Employed,No,Education Loan,No,8.87,Yes,0.8023491038041308
543,49,114914,561,445991,10.98,72,Employed,Yes,Education Loan,Yes,3.78,Yes,1.703454878803723
544,18,122870,718,342913,1.16,24,Self-Employed,No,Car Loan,No,7.5,Yes,1.3027811755080942
545,22,96918,705,250754,6.72,72,Unemployed,No,Home Purchase,Yes,0.97,Yes,1.435727711564838
546,62,139179,442,333821,13.94,84,Self-Employed,No,Car Loan,No,4.76,Yes,1.1308546697037687
547,21,136243,641,88555,2.57,84,Unemployed,Yes,Education Loan,No,9.92,Yes,0.4785958339170039
548,33,34596,615,133379,8.23,12,Employed,Yes,Education Loan,No,7.7,Yes,1.6912122369561127
549,41,53572,400,221992,12.01,12,Employed,No,Business Loan,Yes,2.11,No,1.9140245112280965
550,33,98757,543,244511,14.2,72,Unemployed,No,Car Loan,No,5.01,Yes,1.387705924652391
551,19,21279,789,181806,11.45,36,Employed,Yes,Car Loan,Yes,2.34,Yes,3.790652303049344
552,66,83197,311,368809,11.09,48,Unemployed,No,Home Purchase,No,4.1,Yes,2.2708657362547697
553,45,131496,538,486719,12.57,24,Employed,Yes,Home Purchase,No,7.8,No,1.623275020072442
554,49,82516,341,438819,7.25,24,Self-Employed,No,Business Loan,No,7.71,No,2.442135959232284
555,44,27083,728,474924,12.28,36,Employed,No,Debt Consolidation,No,2.28,Yes,7.910222260421377
556,37,140674,457,480142,1.11,36,Self-Employed,No,Debt Consolidation,No,9.22,Yes,1.5852075080631867
557,41,140307,515,73803,13.94,36,Self-Employed,Yes,Debt Consolidation,Yes,5.93,Yes,0.20069422777908158
558,29,146457,761,437548,7.21,60,Unemployed,Yes,Car Loan,Yes,3.8,No,1.5250060646382857
559,67,129397,433,358847,8.75,60,Employed,Yes,Car Loan,Yes,5.02,Yes,1.2093625515005981
560,52,37771,366,288456,4.57,72,Unemployed,Yes,Education Loan,No,6.05,No,3.6148558141703315
561,50,49975,306,229448,11.4,60,Employed,No,Car Loan,No,5.6,Yes,2.1179766427880367
562,50,65648,825,482742,2.07,84,Self-Employed,No,Car Loan,Yes,4.86,No,3.346575633730559
563,68,145641,372,180251,13.22,84,Self-Employed,Yes,Car Loan,No,5.05,No,0.5229336167772864
564,60,68285,698,207514,12.59,12,Employed,No,Business Loan,No,1.76,Yes,1.414129257091124
565,54,39063,704,250404,4.02,72,Employed,No,Car Loan,No,8.13,Yes,2.924829019925548
566,29,87642,429,122961,12.33,24,Unemployed,Yes,Home Purchase,Yes,5.42,Yes,0.8194905342285898
567,20,110093,765,307523,12.01,48,Employed,No,Home Purchase,Yes,1.31,Yes,1.3034919317763372
568,18,134390,505,22297,9.85,12,Employed,No,Education Loan,Yes,7.66,Yes,0.12912341807372252
569,50,106143,565,269155,6.23,24,Employed,Yes,Business Loan,Yes,9.32,Yes,1.1005396890972239
570,57,57599,836,125234,4.8,24,Unemployed,No,Home Purchase,Yes,9.47,Yes,1.2496400397052774
571,27,71920,552,49014,4.24,72,Employed,No,Business Loan,No,3.69,No,0.35941585628661443
572,60,48529,588,248166,5.46,36,Self-Employed,No,Business Loan,No,1.36,Yes,2.345100836969253
573,61,55954,463,409954,13.65,36,Unemployed,Yes,Education Loan,No,5.18,Yes,3.4732192007149716
574,46,47856,394,361477,2.09,12,Unemployed,Yes,Business Loan,No,1.13,No,3.576550233192126
575,30,22573,409,183570,12.6,36,Self-Employed,No,Car Loan,Yes,9.34,Yes,3.7010915889915137
576,29,98344,635,263864,5.88,24,Self-Employed,No,Business Loan,Yes,1.84,Yes,1.255294787746444
577,48,55367,537,278264,8.3,36,Self-Employed,No,Education Loan,No,2.53,Yes,2.3064091886685696
578,63,122337,680,406983,12.12,60,Employed,Yes,Education Loan,Yes,4.07,Yes,1.4536427748279
579,19,126732,735,289996,13.38,36,Self-Employed,Yes,Education Loan,No,3.83,No,0.9877887760849752
580,68,119608,782,346383,5.83,24,Employed,Yes,Home Purchase,No,7.95,No,1.259755030330908
581,67,80774,324,399145,7.47,72,Unemployed,No,Car Loan,No,4.56,Yes,2.4981756873659493
582,52,43752,416,213559,6.8,12,Unemployed,No,Home Purchase,No,1.71,Yes,2.4680603744588776
583,40,75029,781,96575,1.19,48,Self-Employed,No,Debt Consolidation,Yes,2.67,No,0.6284443423293782
584,34,37685,691,100040,5.14,36,Employed,No,Car Loan,No,5.09,Yes,1.2419808015009686
585,43,71693,836,153510,7.43,84,Self-Employed,No,Business Loan,Yes,1.47,No,1.010780740877115
586,25,136739,378,184587,6.76,84,Self-Employed,Yes,Education Loan,No,6.12,No,0.5730586024439551
587,46,75961,472,10744,11.11,24,Employed,No,Debt Consolidation,No,5.66,No,0.11877760305657373
588,43,126937,311,219892,6.39,48,Self-Employed,No,Car Loan,No,7.15,Yes,0.8365840514593402
589,27,144956,427,440633,7.85,48,Unemployed,No,Home Purchase,No,9.38,Yes,1.6426359201189988
590,43,96908,391,405285,7.01,60,Self-Employed,Yes,Education Loan,Yes,9.12,Yes,1.8418465521424856
591,51,145537,842,309503,11.37,48,Employed,No,Home Purchase,No,9.46,No,1.0042064364662575
592,68,146678,831,155871,13.08,84,Employed,Yes,Car Loan,Yes,2.45,Yes,0.4378749581159877
593,58,94532,746,365890,8.45,72,Unemployed,Yes,Car Loan,No,1.32,Yes,1.9208088396109138
594,24,101994,689,229834,12.05,24,Employed,Yes,Debt Consolidation,No,3.02,No,0.972576716966464
595,21,76133,342,125906,5.16,24,Employed,Yes,Business Loan,No,8.95,Yes,0.710463883942561
596,67,117425,553,206260,8.58,36,Unemployed,Yes,Home Purchase,Yes,9.72,Yes,0.9755736384734258
597,62,145055,429,225931,5.83,36,Self-Employed,No,Debt Consolidation,No,8.59,Yes,0.75431707269047
598,28,81268,359,258593,6.8,36,Unemployed,No,Education Loan,No,1.1,No,1.7083496890655228
599,46,112201,766,243746,11.25,84,Self-Employed,Yes,Business Loan,No,9.47,Yes,0.9356242726080921
600,53,58243,586,12597,13.34,84,Unemployed,Yes,Debt Consolidation,No,4.23,No,0.2849048666439761
601,42,77384,816,314237,2.7,84,Self-Employed,Yes,Home Purchase,No,0.09,No,1.7814696129299836
602,38,51653,766,435442,9.88,84,Unemployed,No,Car Loan,Yes,4.42,No,4.05352081334053
603,53,46657,644,208199,9.15,84,Self-Employed,No,Education Loan,Yes,0.46,Yes,2.0525171698604914
604,27,59952,681,381794,2.66,84,Unemployed,Yes,Home Purchase,No,5.44,Yes,3.0406891447063193
605,54,42180,552,489585,3.97,72,Self-Employed,No,Business Loan,No,3.39,Yes,5.255360610826151
606,26,117432,355,213434,5.35,84,Unemployed,No,Business Loan,Yes,4.73,No,1.0970461959982305
607,41,141829,762,162489,3.34,48,Employed,Yes,Car Loan,No,6.13,No,0.47555434087377196
608,52,148377,756,416909,4.41,48,Self-Employed,Yes,Car Loan,Yes,8.69,Yes,1.2213287344918995
609,66,98411,382,477890,4.75,60,Unemployed,No,Education Loan,No,6.62,No,2.4577881103607693
610,52,21622,398,388100,5.7,72,Self-Employed,No,Education Loan,No,4.34,Yes,8.100596434305809
611,65,68756,448,120598,11.49,36,Self-Employed,No,Car Loan,Yes,8.19,Yes,0.841905175410361
612,53,60809,628,255100,9.01,12,Unemployed,Yes,Car Loan,No,9.06,Yes,2.0673798738685
613,35,36725,455,263589,14.81,84,Self-Employed,Yes,Business Loan,Yes,1.2,Yes,3.182446413612343
614,66,81396,489,189233,6.81,60,Unemployed,Yes,Car Loan,Yes,5.32,Yes,1.2313088209569758
615,56,71226,793,257388,11.55,12,Employed,No,Debt Consolidation,Yes,2.85,Yes,1.6709126388551225
616,49,126296,562,138241,13.2,48,Self-Employed,No,Home Purchase,No,0.47,Yes,0.5443770971618599
617,41,101182,379,220164,10.51,60,Employed,Yes,Car Loan,Yes,6.69,No,0.943173352609436
618,40,102565,699,158124,6.77,60,Self-Employed,No,Education Loan,Yes,8.63,Yes,0.7431757498926762
619,49,49402,559,470065,11.55,24,Self-Employed,Yes,Debt Consolidation,No,1.63,No,4.228195674044194
620,54,24263,400,209923,3.85,48,Self-Employed,No,Education Loan,No,8.12,No,3.9342251157101704
621,29,143489,658,13036,5.59,48,Unemployed,Yes,Debt Consolidation,No,8.53,Yes,0.227858981878107
622,66,116523,679,36778,8.65,72,Employed,No,Car Loan,No,9.14,No,0.1939401348612703
623,30,66828,520,425950,9.06,60,Self-Employed,No,Home Purchase,No,2.65,No,2.9107541323954393
624,40,140824,719,159245,1.31,84,Unemployed,Yes,Education Loan,No,9.04,No,0.6933068676891916
625,42,67924,423,166475,14.23,48,Self-Employed,Yes,Debt Consolidation,Yes,3.21,Yes,1.0651675328058579
626,52,94182,721,464537,10.75,60,Unemployed,Yes,Business Loan,No,5.52,Yes,2.3968267945150616
627,58,113065,530,207747,7.94,72,Self-Employed,Yes,Car Loan,Yes,0.51,Yes,0.788112442464063
628,47,79052,362,404560,14.06,84,Employed,Yes,Home Purchase,No,0.44,Yes,2.261972234859898
629,34,31664,784,23800,7.15,72,Employed,No,Car Loan,Yes,7.2,Yes,0.38844242592049966
630,66,55737,782,292516,14.73,24,Self-Employed,Yes,Business Loan,Yes,4.44,No,2.3138048193051577
631,37,121332,818,328660,8.17,84,Unemployed,Yes,Home Purchase,No,2.56,No,1.399666014001938
632,65,109563,454,287682,2.6,60,Self-Employed,Yes,Business Loan,No,1.9,Yes,1.1427849432375405
633,42,49373,391,331062,11.71,48,Unemployed,Yes,Car Loan,Yes,6.7,No,3.196584510130842
634,39,137369,825,413189,10.5,48,Self-Employed,Yes,Debt Consolidation,No,0.0,No,1.309597060372398
635,30,56397,754,338299,11.82,60,Unemployed,No,Car Loan,No,8.06,No,2.963961500820318
636,36,148575,809,236312,14.32,60,Employed,Yes,Car Loan,Yes,0.79,No,0.6745608504932831
637,66,106145,482,64500,11.87,60,Self-Employed,Yes,Car Loan,Yes,1.91,Yes,0.23787825428211115
638,53,121371,685,172647,9.56,36,Employed,Yes,Education Loan,Yes,3.86,Yes,0.6002570548000021
639,29,58709,704,241527,13.0,84,Employed,No,Business Loan,No,4.85,Yes,1.895816061532073
640,58,136074,545,440477,10.43,48,Self-Employed,No,Business Loan,No,3.55,No,1.5047042345800627
641,36,81120,770,115659,6.71,84,Self-Employed,Yes,Business Loan,No,3.21,No,0.6010152088380456
642,29,39250,722,32716,13.4,72,Unemployed,Yes,Education Loan,No,9.64,Yes,0.5600640052240606
643,26,41172,364,401452,4.11,48,Unemployed,No,Debt Consolidation,Yes,6.42,Yes,4.651708944988338
644,24,31555,312,414064,11.0,36,Employed,No,Car Loan,No,0.23,No,5.940477769964003
645,45,107410,512,7352,13.34,60,Unemployed,No,Debt Consolidation,Yes,4.3,Yes,0.30938603989286473
646,31,98617,541,138004,11.24,24,Unemployed,Yes,Education Loan,No,8.75,Yes,0.81571564841306
647,48,73276,792,343593,10.76,60,Self-Employed,Yes,Business Loan,No,3.01,No,2.063178777420932
648,69,77492,512,13556,11.54,60,Unemployed,No,Car Loan,Yes,0.95,No,0.35710457446149046
649,36,73002,637,266973,7.51,36,Employed,Yes,Home Purchase,No,7.58,Yes,1.602113767006278
650,64,140103,472,353980,13.24,84,Unemployed,No,Home Purchase,No,6.06,No,1.4116600260324281
651,33,144938,463,141570,3.85,48,Employed,No,Debt Consolidation,Yes,5.7,Yes,0.4932859877754432
652,22,109599,764,212190,2.78,60,Self-Employed,No,Business Loan,No,0.54,No,0.919351756626266
653,52,92355,796,55098,5.0,48,Employed,Yes,Home Purchase,Yes,1.4,No,0.22925008996823812
654,29,111248,694,462602,8.44,12,Unemployed,No,Debt Consolidation,Yes,6.23,Yes,2.1398309088465286
655,42,44762,607,379313,8.15,72,Self-Employed,No,Education Loan,Yes,2.08,No,3.8506462968166866
656,69,31046,482,145641,12.49,84,Unemployed,Yes,Debt Consolidation,Yes,5.04,Yes,2.291823369882461
657,38,116999,809,252199,6.66,48,Self-Employed,No,Debt Consolidation,No,5.45,No,1.017391139936
658,53,144130,845,131060,7.78,24,Self-Employed,Yes,Debt Consolidation,No,2.84,Yes,0.36906347642529846
659,40,136021,526,192954,1.19,72,Unemployed,No,Car Loan,No,9.48,No,0.9141647556798072
660,33,48769,735,206465,6.74,24,Unemployed,Yes,Debt Consolidation,Yes,8.42,No,2.083560874013177
661,56,73302,721,135544,10.07,60,Self-Employed,No,Debt Consolidation,No,7.22,Yes,0.8807418527586222
662,62,43150,320,5340,1.22,72,Self-Employed,No,Car Loan,No,0.78,No,0.11536154425823883
663,59,88247,696,180021,4.93,48,Unemployed,No,Car Loan,No,1.06,Yes,1.1905484590070836
664,56,24853,404,87302,3.91,72,Employed,No,Education Loan,No,4.93,No,1.631118112550864
665,31,114613,491,460659,1.59,60,Unemployed,No,Business Loan,Yes,1.61,No,2.080194495410426
666,48,140900,316,227740,7.71,36,Self-Employed,Yes,Home Purchase,Yes,9.78,Yes,0.6947642995221059
667,22,109399,419,472243,3.54,84,Unemployed,Yes,Home Purchase,No,1.59,No,2.125430689212778
668,52,41792,692,5138,11.4,24,Employed,No,Debt Consolidation,Yes,4.87,No,0.10746958266551915
669,40,79129,724,398574,12.87,60,Unemployed,No,Education Loan,No,3.64,Yes,2.533335146917177
670,46,126019,428,124619,8.64,36,Self-Employed,No,Debt Consolidation,No,6.39,No,0.49951229452831014
671,60,94478,429,473466,14.74,72,Unemployed,Yes,Home Purchase,No,1.29,Yes,2.436483644443431
672,28,133811,328,352520,7.31,72,Self-Employed,Yes,Car Loan,Yes,4.3,Yes,1.1504931477440068
673,35,134130,396,104931,8.19,60,Self-Employed,No,Business Loan,No,2.75,Yes,0.40778478146882735
674,64,87298,309,428870,14.85,48,Unemployed,Yes,Education Loan,Yes,8.88,No,2.3963215257787436
675,29,51987,541,161951,4.24,72,Self-Employed,No,Car Loan,Yes,0.41,No,1.4501755480246783
676,26,35850,531,348676,14.2,48,Self-Employed,No,Business Loan,No,9.14,Yes,4.41273666606056
677,27,32112,583,322922,1.6,48,Employed,No,Education Loan,Yes,8.33,No,4.559929150936663
678,61,141789,499,42772,7.25,84,Employed,Yes,Education Loan,Yes,2.98,Yes,0.10043703347134861
679,34,44058,378,63478,1.98,48,Employed,No,Home Purchase,No,7.89,No,0.7033988575977983
680,55,65420,472,462569,11.21,12,Employed,No,Car Loan,Yes,0.31,Yes,3.2239396949192933
681,24,58890,766,31762,9.52,84,Self-Employed,No,Education Loan,Yes,9.67,Yes,0.2934420012386046
682,63,86017,715,149355,10.89,36,Unemployed,Yes,Education Loan,No,5.27,No,0.9646933893116988
683,30,67304,748,199994,6.24,36,Self-Employed,Yes,Business Loan,No,3.03,Yes,1.2938562418499453
684,57,52921,386,175492,6.17,72,Self-Employed,Yes,Home Purchase,Yes,3.63,Yes,1.4539012272416898
685,59,125921,400,322712,1.63,72,Self-Employed,No,Debt Consolidation,No,0.66,No,1.205550608724186
686,26,21524,307,352234,5.9,48,Unemployed,Yes,Home Purchase,No,9.89,Yes,7.528278804313393
687,67,120424,499,287363,14.01,84,Employed,No,Debt Consolidation,Yes,0.39,Yes,1.1242111409511772
688,44,35048,804,324313,6.31,84,Self-Employed,Yes,Car Loan,Yes,6.55,No,4.108477622694357
689,19,55111,386,498671,12.64,12,Self-Employed,No,Car Loan,No,4.43,Yes,4.11231242765001
690,22,57904,342,79965,12.79,48,Employed,Yes,Education Loan,Yes,9.49,Yes,0.5882298235191472
691,46,74912,684,182912,6.23,12,Self-Employed,No,Car Loan,No,2.46,Yes,1.146622122727353
692,54,54008,734,180767,9.85,48,Unemployed,Yes,Education Loan,No,5.32,Yes,1.6863164861213664
693,55,20060,707,241281,2.34,24,Self-Employed,Yes,Home Purchase,Yes,4.82,Yes,5.352581559372457
694,36,94666,782,89754,2.45,24,Self-Employed,Yes,Car Loan,Yes,7.03,Yes,0.3868752126191271
695,25,103559,316,82988,1.68,60,Employed,No,Home Purchase,No,0.68,Yes,0.4191869342837981
696,65,75337,447,456558,9.13,48,Self-Employed,Yes,Home Purchase,No,1.94,Yes,2.6820002055189978
697,62,130616,576,155023,6.96,84,Self-Employed,Yes,Car Loan,No,2.15,No,0.49591245318955524
698,18,33350,531,137379,8.67,72,Unemployed,Yes,Home Purchase,No,7.38,Yes,2.034719343906421
699,39,44354,665,85388,8.3,36,Employed,Yes,Car Loan,Yes,1.89,Yes,0.8257120145906651
700,69,65186,527,357912,5.9,60,Employed,No,Car Loan,No,5.73,No,2.5148611935579375
701,34,48145,735,302572,10.48,72,Unemployed,Yes,Car Loan,Yes,2.15,Yes,3.002684922427257
702,24,54020,698,244779,11.62,24,Self-Employed,No,Debt Consolidation,Yes,8.62,Yes,2.0828698320348487
703,42,106123,510,359165,1.2,48,Employed,No,Home Purchase,No,9.42,Yes,1.5713131323741343
704,62,126667,690,385562,3.9,60,Employed,No,Business Loan,Yes,5.18,Yes,1.416427610091414
705,21,95186,798,211846,10.99,48,Self-Employed,No,Car Loan,Yes,3.52,Yes,1.0488515302452275
706,53,105469,839,175047,6.41,24,Self-Employed,Yes,Home Purchase,No,2.34,Yes,0.705362640315097
707,23,40581,790,137212,10.27,60,Employed,No,Education Loan,Yes,0.5,No,1.5667498309385568
708,48,108929,741,423058,5.86,24,Self-Employed,No,Car Loan,Yes,2.69,No,1.7923532029188034
709,36,43051,560,293565,6.47,12,Employed,No,Car Loan,No,6.54,No,3.1096324293829385
710,61,71474,649,268852,3.22,24,Self-Employed,No,Business Loan,No,5.34,No,1.7384232947833078
711,56,111748,651,401846,4.62,84,Self-Employed,Yes,Debt Consolidation,No,9.44,No,1.5745991961932022
712,44,145995,819,417811,9.48,84,Unemployed,Yes,Debt Consolidation,No,3.96,Yes,1.468244530942301
713,27,134618,619,81021,7.06,48,Self-Employed,No,Car Loan,No,6.94,Yes,0.32284505265824
714,43,89626,437,164380,11.84,36,Unemployed,No,Home Purchase,No,4.89,Yes,1.1020959998293745
715,36,26960,849,49789,12.94,24,Self-Employed,No,Education Loan,No,5.13,Yes,0.8787542565678742
716,56,55772,667,453906,8.58,72,Employed,Yes,Education Loan,Yes,2.68,Yes,3.610060913840341
717,20,41520,519,31086,11.62,84,Employed,Yes,Home Purchase,Yes,4.55,No,0.30041826891133383
718,62,69481,636,284003,5.3,36,Self-Employed,Yes,Car Loan,No,4.71,No,1.7950077154496047
719,30,56408,522,12684,6.81,12,Self-Employed,Yes,Education Loan,Yes,7.07,Yes,0.06562676250653157
720,67,114006,659,96088,10.98,60,Employed,Yes,Debt Consolidation,Yes,9.41,Yes,0.3407669907521679
721,45,148496,628,399423,6.41,60,Self-Employed,No,Home Purchase,No,3.29,Yes,1.2583838961225515
722,37,77134,762,51099,9.24,84,Unemployed,Yes,Business Loan,Yes,0.42,No,0.48308370309039567
723,45,40491,681,465712,3.6,36,Unemployed,Yes,Car Loan,No,4.96,No,5.34101629344487
724,25,21341,468,71093,9.4,84,Unemployed,No,Home Purchase,Yes,5.44,Yes,1.772350749190032
725,58,64623,516,165761,13.06,60,Unemployed,Yes,Education Loan,No,1.68,No,1.338468744155137
726,56,110327,677,315795,13.16,24,Unemployed,Yes,Car Loan,Yes,7.6,Yes,1.469633023669556
727,18,20338,418,18893,11.14,36,Self-Employed,Yes,Debt Consolidation,Yes,9.85,No,0.3832786697296775
728,20,91431,489,496024,11.44,48,Self-Employed,No,Car Loan,Yes,9.46,No,2.4861663724203513
729,30,32254,669,71418,8.81,24,Unemployed,Yes,Car Loan,No,1.97,Yes,1.1792780281792874
730,45,71860,448,130074,9.19,24,Self-Employed,No,Debt Consolidation,Yes,8.75,No,0.8670461698327292
731,66,31344,787,370209,2.87,24,Self-Employed,No,Debt Consolidation,Yes,7.04,No,5.3444061290537705
732,42,21750,673,135351,7.21,48,Unemployed,Yes,Car Loan,No,4.54,Yes,2.9756585101867676
733,50,74756,459,196083,7.31,12,Self-Employed,Yes,Debt Consolidation,No,5.41,No,1.1414456396566846
734,55,87957,650,43635,14.42,72,Self-Employed,Yes,Home Purchase,Yes,8.5,Yes,0.18548102056130739
735,23,125423,587,454331,7.04,84,Self-Employed,Yes,Debt Consolidation,Yes,4.8,No,1.587174731675671
736,61,78053,587,100071,8.69,60,Unemployed,No,Debt Consolidation,Yes,3.73,Yes,0.8521245718391318
737,62,90855,525,476621,8.47,84,Self-Employed,Yes,Car Loan,Yes,4.93,Yes,2.31562628469069
738,49,35896,822,470918,9.91,36,Employed,No,Home Purchase,No,5.79,No,5.930211991717144
739,62,75761,821,345662,11.48,12,Employed,No,Business Loan,Yes,1.89,No,2.095918890707638
740,64,82552,572,373377,4.15,36,Unemployed,No,Business Loan,Yes,9.01,Yes,2.304608620730039
741,38,140075,701,370795,8.4,84,Employed,No,Education Loan,No,6.74,No,1.2385186514781577
742,33,97454,482,77805,12.56,60,Unemployed,No,Debt Consolidation,Yes,6.33,No,0.6370260543631152
743,38,146522,787,457170,7.48,48,Employed,Yes,Debt Consolidation,Yes,0.99,No,1.36016934059246
744,28,138681,423,426280,4.9,84,Employed,No,Home Purchase,Yes,6.04,Yes,1.4339321797801756
745,54,110600,713,389957,10.17,24,Employed,No,Business Loan,No,1.21,Yes,1.632180028254378
746,53,142732,471,346207,12.53,84,Unemployed,Yes,Education Loan,No,0.79,Yes,1.2767980376610057
747,52,132153,587,269598,1.88,24,Unemployed,Yes,Home Purchase,Yes,5.27,No,1.1021546883290432
748,36,142926,734,288022,11.88,48,Self-Employed,No,Debt Consolidation,Yes,4.03,No,0.9550488855197388
749,37,47935,412,187170,12.5,84,Unemployed,No,Business Loan,No,5.89,Yes,2.030592912645089
750,35,57641,421,198226,7.46,12,Employed,Yes,Education Loan,Yes,0.89,Yes,1.5079934022655819
751,64,49711,843,149063,14.77,12,Employed,No,Car Loan,Yes,4.31,No,1.3949443079244361
752,58,90342,521,73344,12.01,36,Unemployed,Yes,Business Loan,No,1.75,No,0.5527431173209123
753,66,126896,338,372090,11.83,48,Unemployed,Yes,Education Loan,No,9.87,No,1.5075904656584074
754,31,32182,796,41593,11.47,12,Unemployed,No,Home Purchase,No,5.61,No,0.8547537855545135
755,32,107833,532,41304,3.11,84,Self-Employed,Yes,Car Loan,Yes,6.87,Yes,0.1363467021852394
756,48,76276,829,428602,4.04,48,Employed,No,Education Loan,Yes,3.25,No,2.5693320848591257
757,18,39541,448,191292,7.5,60,Self-Employed,No,Education Loan,Yes,0.95,No,2.2238224564098488
758,20,114457,696,118613,4.7,24,Self-Employed,No,Debt Consolidation,Yes,9.76,Yes,0.5167305445948687
759,33,102310,601,205410,6.81,84,Employed,Yes,Business Loan,No,2.86,Yes,0.8634326054396355
760,40,64813,659,492505,13.44,24,Employed,No,Debt Consolidation,Yes,4.24,No,3.4578989506365305
761,28,57198,537,419299,12.54,24,Unemployed,Yes,Car Loan,Yes,6.5,Yes,3.473692716972756
762,29,28820,535,23354,9.82,48,Unemployed,No,Education Loan,No,0.25,No,0.6414660547495059
763,27,44070,502,289334,13.01,48,Self-Employed,No,Debt Consolidation,No,8.1,No,2.9968791560307033
764,49,89768,555,11142,11.97,36,Unemployed,Yes,Business Loan,Yes,5.37,Yes,0.24403171901631154
765,33,31122,534,426614,7.01,24,Unemployed,No,Car Loan,No,2.78,Yes,6.4210827608416565
766,25,100559,644,188043,3.81,36,Employed,No,Home Purchase,No,0.62,No,0.8908325197234485
767,55,93543,833,309006,8.2,24,Employed,Yes,Debt Consolidation,Yes,1.62,Yes,1.4419557883729128
768,29,103441,765,496884,11.31,36,Unemployed,Yes,Car Loan,Yes,8.95,No,2.3387590124903643
769,41,61786,840,189482,7.11,36,Employed,Yes,Home Purchase,Yes,6.86,No,1.3358808221054765
770,45,114934,512,155575,10.33,60,Unemployed,No,Debt Consolidation,Yes,2.5,No,0.8852890160997401
771,25,119804,762,130438,2.32,36,Employed,Yes,Car Loan,No,0.66,Yes,0.450053325367173
772,45,26737,735,53456,11.47,48,Employed,Yes,Car Loan,No,6.91,No,0.8583113401013354
773,53,56062,582,105167,12.38,36,Employed,No,Debt Consolidation,Yes,5.72,No,0.8942304299160153
774,43,74237,762,349179,10.9,24,Employed,Yes,Car Loan,Yes,4.05,No,2.069919855337137
775,25,71571,706,275160,14.54,36,Unemployed,No,Education Loan,No,3.64,Yes,1.9991366347873307
776,67,45510,387,269528,12.57,12,Self-Employed,No,Debt Consolidation,Yes,2.17,No,2.7114190947383103
777,45,39426,343,198392,13.64,72,Employed,Yes,Car Loan,Yes,6.7,No,2.2242833516317315
778,45,57265,760,413288,14.07,24,Unemployed,No,Home Purchase,Yes,9.71,No,3.509986329689567
779,54,37850,577,107239,12.22,12,Unemployed,Yes,Home Purchase,Yes,1.76,Yes,1.4577436145089686
780,58,138249,720,116431,10.44,24,Employed,Yes,Education Loan,No,5.97,No,0.33989981484139575
781,53,86150,652,347162,1.08,48,Self-Employed,Yes,Debt Consolidation,Yes,4.24,No,1.7689546917111585
782,44,107312,814,45510,7.52,72,Employed,Yes,Car Loan,No,4.47,Yes,0.15182555136271825
783,34,109613,318,185005,9.0,72,Unemployed,No,Car Loan,Yes,2.54,Yes,1.0403894382639485
784,26,94910,322,288970,5.26,48,Self-Employed,No,Home Purchase,Yes,8.25,No,1.4241955520069878
785,50,72375,712,335170,5.45,72,Unemployed,Yes,Education Loan,No,4.85,No,2.2618806169752754
786,37,141826,329,126668,14.46,48,Employed,Yes,Home Purchase,Yes,5.43,No,0.3701234578471719
787,30,55435,407,247700,13.48,12,Self-Employed,No,Home Purchase,No,3.05,Yes,2.0592420067940336
788,45,116443,666,423734,12.89,60,Unemployed,Yes,Education Loan,Yes,1.82,Yes,1.8177642821865783
789,65,77132,580,29045,6.68,24,Unemployed,No,Debt Consolidation,Yes,0.86,No,0.44643190712381037
790,46,98945,427,186948,1.19,48,Unemployed,Yes,Car Loan,Yes,7.14,Yes,1.0375144577223703
791,30,102050,528,490662,2.12,24,Employed,No,Debt Consolidation,Yes,1.96,No,2.2089712950594267
792,63,149828,410,95102,5.37,12,Self-Employed,No,Business Loan,Yes,6.9,No,0.34127071003776055
793,52,115402,435,319063,1.22,60,Employed,No,Business Loan,No,3.9,Yes,1.295161698686503
794,23,22983,661,104441,1.24,12,Employed,Yes,Business Loan,No,4.16,No,1.9994333887444968
795,35,117241,485,163175,13.83,72,Employed,Yes,Education Loan,Yes,4.69,Yes,0.5892055502269856
796,68,40662,428,254877,10.89,24,Self-Employed,Yes,Home Purchase,Yes,3.68,Yes,2.7756438144787197
797,22,43510,560,434404,5.33,84,Employed,Yes,Debt Consolidation,No,1.01,No,4.438305966276847
798,64,98187,814,141917,2.86,60,Employed,Yes,Car Loan,No,3.1,Yes,0.6094828811846434
799,42,60998,748,222770,8.16,72,Employed,No,Business Loan,Yes,6.64,No,1.6884633281738906
800,19,76846,403,434890,1.07,60,Employed,No,Debt Consolidation,Yes,6.66,Yes,2.5930366700635066
801,27,114071,782,123325,14.14,72,Unemployed,No,Business Loan,No,2.86,No,0.76016439692967
802,47,26640,523,24337,6.81,12,Employed,No,Business Loan,Yes,4.6,No,0.4638493589473973
803,67,64547,790,158385,6.63,48,Unemployed,No,Car Loan,No,1.93,No,1.3752258540546802
804,62,74620,772,425159,6.47,24,Employed,No,Education Loan,Yes,2.1,Yes,2.604935899403152
805,22,35317,309,345093,1.97,36,Self-Employed,No,Home Purchase,No,0.23,No,4.43911328935199
806,50,135608,704,267420,9.94,36,Unemployed,Yes,Education Loan,No,8.97,Yes,1.070397278930445
807,18,27564,601,318295,11.26,12,Unemployed,No,Debt Consolidation,Yes,2.11,Yes,5.452072171043079
808,35,47345,530,415827,10.47,24,Unemployed,Yes,Education Loan,No,2.28,Yes,4.124586367848513
809,49,133824,365,148016,2.94,24,Unemployed,No,Debt Consolidation,Yes,2.8,Yes,0.7778805142572436
810,64,114223,411,320031,9.1,12,Self-Employed,No,Debt Consolidation,Yes,1.27,Yes,1.3123493365820662
811,66,143372,312,86442,8.97,24,Employed,Yes,Home Purchase,Yes,6.39,No,0.24082066629080767
812,28,99273,692,54847,13.16,48,Unemployed,No,Car Loan,Yes,0.75,Yes,0.5240165413084361
813,38,94859,799,63653,6.31,12,Self-Employed,Yes,Home Purchase,No,1.34,No,0.2625861952807893
814,43,100765,533,222144,6.2,48,Unemployed,No,Education Loan,Yes,6.45,No,1.2662813463344098
815,42,130017,613,258661,9.66,24,Employed,Yes,Debt Consolidation,Yes,3.4,Yes,0.8550942178434524
816,39,94038,311,323766,9.86,12,Unemployed,No,Business Loan,Yes,7.08,No,1.8272126531885182
817,44,143618,508,294954,7.57,24,Self-Employed,Yes,Business Loan,Yes,5.57,No,0.8854192548393647
818,66,72393,313,82842,7.2,12,Employed,Yes,Debt Consolidation,No,2.56,Yes,0.48339388065065925
819,30,86081,717,389369,7.92,24,Self-Employed,No,Home Purchase,Yes,6.51,No,2.079123715885498
820,50,145341,736,277647,13.05,48,Employed,No,Car Loan,No,1.16,Yes,0.9080387580950939
821,51,122650,676,89761,7.46,84,Employed,Yes,Home Purchase,No,5.36,Yes,0.2908609435414602
822,58,49430,319,435192,14.16,48,Employed,No,Debt Consolidation,No,4.37,Yes,4.00528591132174
823,52,95532,369,393583,8.06,24,Unemployed,Yes,Debt Consolidation,Yes,2.68,No,2.03869192321233
824,18,47788,510,278734,14.29,12,Self-Employed,No,Car Loan,Yes,6.04,No,2.6684430362846348
825,38,115505,400,146958,12.66,36,Self-Employed,Yes,Education Loan,Yes,8.71,No,0.5376264293040749
826,65,68543,431,411082,6.07,48,Self-Employed,No,Education Loan,Yes,9.99,No,2.743864580824636
827,23,33919,680,333768,13.09,48,Employed,Yes,Car Loan,No,6.08,Yes,4.372429556064871
828,45,89346,431,467115,2.54,72,Unemployed,No,Education Loan,No,4.05,Yes,2.6231975088960406
829,34,116122,319,168864,13.95,36,Employed,Yes,Business Loan,Yes,2.25,No,0.6219778122446463
830,22,59974,835,407980,9.84,24,Self-Employed,Yes,Education Loan,Yes,2.57,Yes,3.0100280161812676
831,48,127309,526,261910,1.76,84,Unemployed,No,Education Loan,Yes,4.79,No,1.2003865585420197
832,22,36371,453,125356,10.02,12,Unemployed,No,Education Loan,Yes,3.67,Yes,1.8243381692910432
833,55,65084,768,222228,14.64,72,Unemployed,Yes,Business Loan,Yes,9.14,Yes,1.7162667429456264
834,20,49629,704,47727,1.98,24,Self-Employed,Yes,Education Loan,Yes,3.68,Yes,0.39358810723463095
835,40,71184,501,345615,8.77,60,Unemployed,Yes,Business Loan,Yes,3.73,Yes,2.3650065618127982
836,54,81916,337,13068,11.47,84,Unemployed,Yes,Car Loan,No,3.84,Yes,0.2651224148279666
837,54,147293,487,121923,12.34,48,Employed,No,Home Purchase,No,8.37,No,0.4260373269064128
838,27,93972,356,405511,6.79,60,Employed,Yes,Car Loan,No,6.51,No,1.9026044630942365
839,27,82187,319,439376,3.86,48,Unemployed,Yes,Home Purchase,No,6.14,Yes,2.59005479465606
840,36,32984,572,16390,1.59,48,Unemployed,Yes,Car Loan,Yes,3.34,No,0.4108451576740144
841,34,53039,418,111752,9.12,60,Employed,No,Home Purchase,Yes,8.18,Yes,1.0007994967299079
842,38,105431,815,418347,7.34,84,Employed,Yes,Home Purchase,Yes,0.38,Yes,1.7399000848275255
843,31,103691,520,361898,14.28,60,Employed,No,Debt Consolidation,Yes,8.71,Yes,1.6185267038845468
844,26,78606,825,343113,1.85,24,Self-Employed,No,Home Purchase,Yes,5.13,Yes,2.0073619245688095
845,63,30616,814,151110,10.6,72,Self-Employed,No,Home Purchase,No,3.98,No,2.263169242784638
846,18,122665,635,450543,1.35,72,Employed,No,Debt Consolidation,Yes,4.97,Yes,1.6988807124625105
847,68,125373,354,229790,3.4,60,Unemployed,No,Education Loan,No,6.67,No,1.1039557217282532
848,62,70072,799,344208,7.35,24,Employed,No,Education Loan,Yes,0.13,Yes,2.252764204895177
849,30,44574,835,26281,7.37,72,Self-Employed,No,Debt Consolidation,No,8.72,Yes,0.3154807337799507
850,21,23430,461,59189,10.6,24,Unemployed,Yes,Business Loan,Yes,4.47,No,1.322099543046356
851,18,139123,458,267093,13.74,24,Self-Employed,Yes,Home Purchase,No,3.43,Yes,0.8263762711811772
852,66,32676,487,315655,9.95,48,Unemployed,No,Home Purchase,Yes,1.38,Yes,4.608063121733109
853,57,30816,359,127115,14.35,72,Self-Employed,Yes,Debt Consolidation,Yes,4.39,No,1.8172379768521396
854,49,52733,618,13605,13.34,72,Unemployed,Yes,Debt Consolidation,Yes,4.96,No,0.3032019079845497
855,51,105680,510,367462,9.18,48,Unemployed,No,Business Loan,Yes,4.04,No,1.8369125497556225
856,45,22050,705,399597,12.67,60,Unemployed,Yes,Education Loan,No,6.79,Yes,8.30765488842849
857,48,129996,408,464850,10.0,48,Unemployed,No,Car Loan,Yes,4.21,Yes,1.8833653387668425
858,25,53933,375,286954,2.1,72,Self-Employed,Yes,Education Loan,No,9.61,No,2.3524756479042543
859,56,44951,841,254415,11.37,72,Self-Employed,No,Home Purchase,Yes,5.99,No,2.5875094494518662
860,43,52413,613,160394,2.33,84,Unemployed,No,Debt Consolidation,No,8.07,Yes,1.6486041147483061
861,51,54801,416,46869,9.32,60,Unemployed,Yes,Business Loan,Yes,1.09,Yes,0.5743668588083057
862,20,75619,318,37955,10.84,48,Self-Employed,Yes,Education Loan,Yes,3.97,No,0.19529096678692845
863,67,52913,731,66388,1.93,12,Unemployed,No,Business Loan,No,3.37,No,0.8383301347028659
864,29,132573,649,246324,4.23,12,Unemployed,No,Education Loan,Yes,5.69,No,1.1094829841211986
865,18,139076,482,15207,13.82,60,Unemployed,No,Home Purchase,Yes,8.61,No,0.3282566779158326
866,61,60600,412,223401,9.63,48,Employed,Yes,Car Loan,No,0.78,Yes,1.619139715787126
867,22,77775,482,465844,4.45,48,Unemployed,Yes,Business Loan,Yes,0.73,Yes,2.87370699557219
868,47,110816,780,164292,10.67,24,Employed,Yes,Business Loan,No,8.5,Yes,0.6263888848369835
869,47,149972,445,482266,9.35,72,Unemployed,Yes,Car Loan,Yes,2.13,Yes,1.6314279807824303
870,34,110093,412,210157,8.02,36,Self-Employed,No,Business Loan,No,6.69,No,0.9121949830310961
871,65,132590,775,27031,14.67,84,Employed,No,Business Loan,No,5.43,Yes,0.14304096688157614
872,64,55400,602,468937,10.57,60,Employed,No,Education Loan,No,8.33,No,3.8464822889830836
873,40,24494,417,347951,6.26,36,Unemployed,No,Education Loan,No,1.25,Yes,6.646495666418181
874,32,100688,460,76312,12.2,36,Unemployed,Yes,Car Loan,Yes,1.3,Yes,0.5297109280541458
875,54,142744,700,64766,13.38,60,Employed,No,Home Purchase,Yes,5.57,Yes,0.2556241624457705
876,38,109431,497,148521,2.75,48,Self-Employed,No,Business Loan,No,9.46,No,0.6631104446239028
877,31,94691,559,356977,3.81,60,Self-Employed,Yes,Home Purchase,Yes,4.15,Yes,1.6536659199837558
878,19,117419,346,192771,4.03,36,Unemployed,Yes,Car Loan,Yes,3.27,No,0.9289822582866253
879,28,128730,698,242199,10.68,72,Self-Employed,No,Car Loan,Yes,6.07,No,0.8954353402287684
880,68,63001,377,479469,9.44,84,Self-Employed,Yes,Education Loan,No,9.3,Yes,3.378576243270629
881,56,87364,423,241731,9.67,84,Unemployed,No,Business Loan,Yes,8.37,No,1.520474686266988
882,55,144988,374,240841,14.17,72,Self-Employed,Yes,Debt Consolidation,Yes,9.95,Yes,0.712634699659364
883,51,65028,436,116041,11.86,72,Unemployed,Yes,Car Loan,No,0.23,No,0.9902740242080376
884,55,127434,699,121185,2.79,48,Employed,No,Business Loan,Yes,1.13,Yes,0.4784569309755626
885,67,117659,804,182164,5.87,12,Unemployed,Yes,Home Purchase,No,6.09,No,0.8797056612374989
886,51,57573,799,461887,7.1,60,Employed,No,Education Loan,No,8.21,No,3.6466074168830236
887,35,20806,437,15350,6.54,84,Employed,Yes,Home Purchase,No,2.85,Yes,0.29713982762521207
888,47,144343,349,232230,10.37,72,Self-Employed,Yes,Car Loan,Yes,2.39,Yes,0.6900860089323667
889,32,76638,553,368003,13.49,60,Self-Employed,Yes,Car Loan,Yes,7.87,Yes,2.1161762847682586
890,44,148301,725,266570,5.28,84,Self-Employed,Yes,Home Purchase,No,0.56,Yes,0.7679497574074973
891,68,146295,846,73487,8.73,72,Unemployed,Yes,Car Loan,No,3.69,No,0.41073352008544595
892,51,126506,601,153694,12.05,84,Self-Employed,No,Business Loan,No,5.06,No,0.597784268423937
893,69,49757,648,128853,6.83,48,Employed,Yes,Car Loan,No,5.6,No,1.1236633071150675
894,55,54636,348,468479,3.35,12,Self-Employed,No,Education Loan,No,7.29,No,3.9012001286454883
895,50,100097,373,320261,7.65,12,Self-Employed,Yes,Business Loan,No,3.55,Yes,1.402052322407254
896,41,68280,560,240062,1.77,72,Unemployed,No,Debt Consolidation,Yes,6.13,No,1.8534823091689567
897,32,44262,655,456610,14.19,84,Unemployed,Yes,Car Loan,No,5.85,Yes,4.810011599432764
898,47,100435,559,238077,2.05,48,Employed,No,Car Loan,No,5.48,No,1.1161661857394267
899,59,82211,594,368228,7.14,24,Unemployed,No,Education Loan,No,6.4,Yes,2.2846590033133123
900,68,74842,612,28782,8.42,60,Self-Employed,Yes,Education Loan,Yes,2.59,Yes,0.13593277654692817
901,34,148583,481,295598,14.79,60,Unemployed,Yes,Home Purchase,Yes,0.85,Yes,1.0811633048770353
902,22,76979,663,335048,3.32,36,Employed,Yes,Home Purchase,Yes,1.19,Yes,1.9134582010932566
903,46,134524,487,134936,2.6,48,Self-Employed,No,Home Purchase,Yes,2.25,Yes,0.5045946333801284
904,21,101470,842,413808,1.12,84,Employed,No,Education Loan,No,5.0,No,1.8787133611377667
905,27,58197,847,158245,3.18,36,Unemployed,Yes,Home Purchase,Yes,8.4,Yes,1.4041211380560283
906,34,61844,707,431420,3.9,72,Unemployed,Yes,Home Purchase,No,7.01,No,3.312729693807144
907,27,84754,713,433812,9.83,84,Employed,No,Debt Consolidation,No,7.89,No,2.3458785484217417
908,34,121868,641,432540,4.08,36,Self-Employed,No,Home Purchase,No,3.51,Yes,1.6433801298360957
909,37,54157,519,127258,1.29,12,Unemployed,Yes,Car Loan,No,4.05,No,1.2419614110361938
910,41,97129,462,116668,12.57,60,Unemployed,No,Education Loan,No,3.94,No,0.817926033647538
911,22,60042,519,459418,6.12,84,Self-Employed,Yes,Business Loan,No,1.92,No,3.393747291487157
912,51,81665,569,487616,5.95,36,Unemployed,Yes,Debt Consolidation,Yes,0.61,Yes,2.863902611934761
913,23,135512,699,391328,5.23,12,Employed,Yes,Education Loan,Yes,5.91,Yes,1.2567557602854058
914,19,136953,481,428966,14.66,48,Unemployed,No,Education Loan,Yes,9.89,Yes,1.6828830414219962
915,30,102856,504,474328,3.38,36,Unemployed,No,Car Loan,Yes,1.67,Yes,2.3453880381611754
916,60,47376,527,283710,13.58,72,Self-Employed,No,Home Purchase,Yes,0.47,No,2.7379567457139133
917,60,129049,549,143262,11.88,72,Employed,No,Car Loan,No,7.8,No,0.5515373300829911
918,65,75554,740,486823,2.07,72,Self-Employed,Yes,Home Purchase,Yes,2.53,No,2.8497362319976345
919,28,34199,832,43333,14.81,84,Unemployed,No,Home Purchase,Yes,8.3,No,0.8431518367201976
920,68,138533,495,389073,4.8,60,Unemployed,Yes,Education Loan,Yes,7.04,No,1.4479433644800774
921,64,101412,818,216977,2.38,36,Self-Employed,Yes,Home Purchase,No,9.46,No,0.9205336914447594
922,40,70948,369,94571,12.61,48,Self-Employed,Yes,Debt Consolidation,No,4.09,Yes,0.5657476672038932
923,33,93781,698,125263,10.89,36,Self-Employed,No,Debt Consolidation,No,6.62,No,0.6508729850992645
924,48,92750,502,399805,9.64,60,Employed,Yes,Debt Consolidation,Yes,4.65,No,1.8968525231827862
925,28,86262,447,30235,3.18,12,Unemployed,Yes,Education Loan,Yes,6.31,No,0.34742872777542816
926,33,137424,771,5159,7.7,60,Self-Employed,No,Car Loan,Yes,4.5,Yes,0.06853600288878317
927,25,66600,498,148217,11.93,72,Unemployed,Yes,Business Loan,Yes,1.89,No,1.1866164889019561
928,21,96898,725,479125,5.25,84,Employed,No,Home Purchase,Yes,5.08,No,2.2678682379421593
929,57,82483,791,167993,5.36,12,Employed,No,Business Loan,No,5.29,Yes,0.9642505873359651
930,21,38297,441,372003,1.04,84,Employed,No,Car Loan,Yes,8.11,No,4.408930764939568
931,42,50448,612,152309,3.44,72,Employed,Yes,Car Loan,No,7.36,Yes,1.316529769008394
932,20,46172,464,112507,13.26,24,Unemployed,No,Education Loan,Yes,6.64,Yes,1.3715483033712659
933,49,62874,613,406460,7.18,60,Employed,No,Debt Consolidation,No,1.13,No,2.9501583925877615
934,20,27657,320,19743,14.78,60,Employed,No,Debt Consolidation,No,7.21,No,0.37979572826496716
935,44,104386,381,233174,6.54,48,Self-Employed,No,Car Loan,No,5.0,Yes,1.0586572664772087
936,46,145617,430,51101,11.01,36,Employed,Yes,Education Loan,No,8.94,No,0.1239559838850243
937,49,45425,604,247717,4.95,12,Self-Employed,No,Education Loan,Yes,9.2,No,2.497058658521649
938,67,46685,670,126534,6.09,84,Employed,Yes,Home Purchase,Yes,0.55,Yes,1.1775387697446384
939,68,142000,683,351371,3.67,12,Employed,No,Debt Consolidation,Yes,8.21,Yes,1.1613085590853027
940,36,132855,744,235604,5.86,48,Self-Employed,Yes,Car Loan,No,0.38,No,0.7569918305553679
941,38,44578,724,192450,8.66,48,Employed,No,Business Loan,Yes,3.67,Yes,1.9866905136092092
942,22,48831,460,338270,14.88,84,Unemployed,Yes,Debt Consolidation,Yes,5.42,No,3.294364464306513
943,35,27906,477,323215,10.3,36,Unemployed,No,Home Purchase,Yes,1.48,No,5.469599092062767
944,45,81413,789,207193,3.79,84,Employed,Yes,Education Loan,Yes,7.46,No,1.1024038916153265
945,59,74028,626,341907,1.63,84,Unemployed,Yes,Car Loan,No,0.08,No,2.2571878105094
946,39,27287,588,492030,2.77,72,Self-Employed,Yes,Debt Consolidation,No,1.69,Yes,8.044238111465571
947,38,53660,653,240422,8.88,36,Employed,No,Business Loan,Yes,5.81,No,2.0605493200860026
948,23,95758,327,410453,11.71,60,Employed,Yes,Home Purchase,Yes,7.14,Yes,1.8907813819006924
949,18,80504,342,151721,14.17,72,Self-Employed,Yes,Home Purchase,Yes,9.17,No,0.8139236797926304
950,22,79720,722,173785,1.22,24,Self-Employed,Yes,Debt Consolidation,No,7.05,No,0.9393584535626738
951,58,122979,476,209535,8.32,36,Self-Employed,Yes,Business Loan,No,6.72,Yes,0.7292097583178747
952,29,54701,828,181481,7.59,48,Employed,No,Home Purchase,No,3.94,No,1.5380350260936861
953,43,103300,793,184838,10.18,72,Self-Employed,Yes,Car Loan,Yes,0.01,Yes,0.7637626825633888
954,63,130177,497,51154,8.83,36,Self-Employed,Yes,Home Purchase,No,1.2,Yes,0.14138548339573076
955,51,37674,816,274160,10.62,12,Unemployed,Yes,Business Loan,No,5.35,No,3.4468690865760356
956,66,103560,813,477779,10.21,84,Unemployed,No,Education Loan,No,6.75,No,2.3428933986463405
957,31,131543,321,446904,2.64,24,Employed,Yes,Education Loan,No,4.17,No,1.49267780687268
958,43,43874,411,356822,12.2,60,Unemployed,Yes,Debt Consolidation,No,7.31,No,3.8357423610563544
959,62,63642,356,379200,2.73,84,Unemployed,Yes,Business Loan,Yes,5.22,Yes,2.8629680951787906
960,44,143867,365,59238,10.78,12,Self-Employed,Yes,Home Purchase,Yes,0.74,No,0.15307000038807408
961,26,117820,397,325752,6.83,12,Self-Employed,No,Home Purchase,Yes,1.92,No,1.2961619060313623
962,43,85160,443,94081,8.19,24,Unemployed,Yes,Education Loan,Yes,8.4,No,0.6855150746274564
963,64,37602,734,252644,13.65,60,Unemployed,Yes,Education Loan,No,7.25,No,3.197311220556191
964,39,123320,385,430113,13.46,48,Unemployed,No,Car Loan,Yes,8.95,No,1.8445423829955356
965,64,108801,643,318105,12.45,72,Employed,No,Education Loan,Yes,1.18,Yes,1.3630517158370534
966,47,45931,593,204775,8.14,60,Employed,No,Car Loan,Yes,9.9,No,2.051317054236714
967,60,114377,542,442973,11.31,36,Employed,Yes,Home Purchase,No,2.09,Yes,1.7000761215626659
968,65,49192,331,294061,8.18,12,Unemployed,No,Car Loan,Yes,0.12,No,2.962277551742295
969,34,66542,690,420952,13.17,36,Unemployed,Yes,Car Loan,No,9.97,No,3.0216845294535357
970,43,147015,576,295134,6.64,48,Employed,No,Debt Consolidation,No,2.81,No,0.9532850373573414
971,53,62520,831,67551,14.58,36,Employed,Yes,Education Loan,No,6.68,Yes,0.44584948964548776
972,18,84772,453,456377,14.05,60,Unemployed,No,Car Loan,Yes,1.77,No,2.692341044417514
973,25,78762,682,215695,11.38,36,Self-Employed,Yes,Home Purchase,No,5.8,Yes,1.190053017084224
974,66,70106,367,158512,4.91,48,Employed,No,Business Loan,Yes,9.04,Yes,1.071324506369564
975,52,101121,513,171277,2.84,48,Unemployed,Yes,Car Loan,Yes,3.2,No,0.9480892372376498
976,69,45559,675,85811,12.97,48,Unemployed,Yes,Education Loan,Yes,6.7,Yes,1.031014926424725
977,32,125595,512,259840,3.31,60,Self-Employed,Yes,Debt Consolidation,No,1.88,No,0.8921314562000529
978,64,53742,378,322247,12.96,48,Unemployed,Yes,Home Purchase,No,6.25,No,2.879199526508759
979,39,89669,680,469028,7.87,12,Unemployed,Yes,Debt Consolidation,Yes,3.36,Yes,2.530887359865044
980,31,100199,357,439843,6.69,84,Employed,Yes,Business Loan,No,2.11,No,1.9359372166556037
981,43,41754,325,373266,13.64,48,Employed,Yes,Car Loan,No,3.13,No,3.9760953173017355
982,45,23972,746,239104,9.45,36,Self-Employed,Yes,Car Loan,No,1.79,Yes,4.431963892196742
983,40,90831,365,24008,9.07,72,Self-Employed,No,Education Loan,Yes,9.02,Yes,0.17662304654649674
984,31,132217,553,207346,8.82,36,Unemployed,Yes,Car Loan,No,3.97,Yes,0.8911925238277058
985,41,61873,343,37402,6.2,72,Employed,Yes,Home Purchase,No,2.45,Yes,0.24022846356407138
986,19,114661,396,189456,12.0,36,Self-Employed,No,Business Loan,Yes,4.48,Yes,0.7976514302726873
987,62,126532,526,264994,4.54,60,Self-Employed,Yes,Debt Consolidation,No,3.21,Yes,0.9032862429359457
988,43,146267,735,404009,14.14,36,Self-Employed,No,Business Loan,Yes,7.44,No,1.289763859530808
989,31,29903,678,141643,13.52,60,Unemployed,Yes,Car Loan,No,9.71,Yes,2.3095758304451106
990,68,23020,477,495083,5.72,60,Employed,No,Debt Consolidation,No,4.38,Yes,9.692843069314636
991,24,61755,726,414425,11.21,48,Self-Employed,No,Education Loan,No,8.61,No,3.059310512469521
992,20,105956,606,118550,9.03,12,Employed,Yes,Business Loan,No,5.66,No,0.4650551585914334
993,64,106988,803,489146,5.73,72,Self-Employed,No,Debt Consolidation,No,1.57,Yes,2.1002708241765404
994,40,65648,567,441364,14.84,48,Self-Employed,Yes,Debt Consolidation,No,6.91,Yes,2.9769731624000477
995,63,123537,307,96218,1.35,48,Employed,Yes,Debt Consolidation,Yes,5.13,No,0.3198961500874129
996,60,145991,807,138296,4.54,84,Employed,Yes,Home Purchase,No,6.51,Yes,0.3863297663569687
997,64,29516,775,184767,8.28,60,Employed,Yes,Business Loan,No,8.9,Yes,2.767239407814386
998,62,132863,596,387923,8.31,60,Unemployed,No,Debt Consolidation,No,4.4,No,1.5858638630839004
999,35,135005,463,396858,9.25,72,Self-Employed,Yes,Business Loan,Yes,9.01,Yes,1.2832388871421374
1000,55,22396,784,246060,11.52,36,Unemployed,No,Debt Consolidation,Yes,7.51,No,5.199068405960662
