customer_id,True_Repayment_Risk,Predicted_Repayment_Risk,Predicted_Repayment_Probability
11036,Low Risk,Low Risk,0.026151287151010845
11154,High Risk,High Risk,0.6994889706526705
11182,Low Risk,Low Risk,0.11870596212929713
11185,High Risk,High Risk,0.6171468798685725
11244,Low Risk,Low Risk,0.18006140712330582
11248,Low Risk,Low Risk,0.012438062023975335
11250,Low Risk,Low Risk,0.007120701939794141
11272,Low Risk,Low Risk,0.17132884984176475
11332,Low Risk,High Risk,0.5652055390181929
11345,Low Risk,Low Risk,0.03271188769742311
11358,High Risk,High Risk,0.5797007996330187
11392,Low Risk,Low Risk,0.055862418937036404
11438,High Risk,Low Risk,0.4205869936911333
11497,High Risk,High Risk,0.831064232808815
11556,Low Risk,Low Risk,0.0351061531920665
11565,Low Risk,Low Risk,0.01996468382390345
11681,Low Risk,Low Risk,0.1775005816324909
11711,Low Risk,Low Risk,0.04543613991323723
11747,Low Risk,Low Risk,0.011634358320271631
11779,High Risk,Low Risk,0.4406630681524392
11788,Low Risk,Low Risk,0.1759169197791104
11806,High Risk,Low Risk,0.25358507188843904
11807,Low Risk,Low Risk,0.10552835910855238
11812,High Risk,High Risk,0.62081753608803
11872,Low Risk,Low Risk,0.08804516707247484
12007,Low Risk,Low Risk,0.3450584903585269
12082,Low Risk,Low Risk,0.09341264084328749
12088,Low Risk,Low Risk,0.10681291280950879
12095,Low Risk,Low Risk,0.012403129483836262
12106,Low Risk,Low Risk,0.17729143979004444
12112,Low Risk,Low Risk,0.2860869041929164
12121,Low Risk,Low Risk,0.10963513594380539
1215,High Risk,High Risk,0.7872303699640295
12186,Low Risk,Low Risk,0.007855459774551977
12263,Low Risk,Low Risk,0.11008840358957155
12279,Low Risk,Low Risk,0.01786514873325409
123,High Risk,Low Risk,0.3925753291069454
12318,Low Risk,Low Risk,0.07871687409200208
12325,Low Risk,Low Risk,0.016042270567245123
1233,Low Risk,Low Risk,0.015227915808622585
1236,High Risk,High Risk,0.5714179585532438
12429,Low Risk,Low Risk,0.012438062023975335
12593,Low Risk,Low Risk,0.05663164970626717
1280,Low Risk,Low Risk,0.07339427596889342
13031,Low Risk,Low Risk,0.11063651351164072
1316,High Risk,High Risk,0.5621297371631728
13170,Low Risk,Low Risk,0.010369674858469872
13178,Low Risk,Low Risk,0.012438062023975335
13203,Low Risk,Low Risk,0.045480291480015166
13356,Low Risk,Low Risk,0.012438062023975335
13385,Low Risk,Low Risk,0.10194337783881573
13535,Low Risk,Low Risk,0.13327500236988263
13580,Low Risk,Low Risk,0.014533428297820337
1361,Low Risk,Low Risk,0.01471128139719471
1366,Low Risk,Low Risk,0.07071401106858852
13665,High Risk,Low Risk,0.4515366369119442
13684,Low Risk,Low Risk,0.2221491928825807
13710,Low Risk,Low Risk,0.0315061531920665
13917,High Risk,Low Risk,0.44775872354413027
13973,High Risk,Low Risk,0.31831651678755724
14038,Low Risk,Low Risk,0.06492429457091277
14063,Low Risk,Low Risk,0.09766009007542267
1409,Low Risk,Low Risk,0.006003556834263613
14115,Low Risk,Low Risk,0.16628094584869169
1416,Low Risk,Low Risk,0.009420704288809648
14214,Low Risk,Low Risk,0.1103967891146262
14241,Low Risk,Low Risk,0.027194582409907492
14256,Low Risk,Low Risk,0.038356403532676255
14327,Low Risk,Low Risk,0.030789422463159303
14427,Low Risk,Low Risk,0.27549140294265323
1449,High Risk,Low Risk,0.20928922628104044
14496,Low Risk,Low Risk,0.2822301436405723
14607,Low Risk,Low Risk,0.026343454637881136
1461,Low Risk,Low Risk,0.013172819858733172
1463,Low Risk,Low Risk,0.2516863096554797
14654,Low Risk,Low Risk,0.15169401391706472
14670,Low Risk,Low Risk,0.09082236835755289
1469,Low Risk,Low Risk,0.4536958162530354
14757,Low Risk,Low Risk,0.012562869530974886
1477,High Risk,Low Risk,0.43785402907876664
1478,Low Risk,Low Risk,0.08030813647346907
1480,Low Risk,Low Risk,0.006003556834263613
14800,Low Risk,Low Risk,0.03317236025306703
14818,Low Risk,Low Risk,0.20101579615362128
14841,Low Risk,Low Risk,0.357665562887366
14847,Low Risk,Low Risk,0.0971465541815878
14897,Low Risk,Low Risk,0.2963338317945812
14910,Low Risk,Low Risk,0.0498650612170561
14913,Low Risk,Low Risk,0.0768738364032051
14943,Low Risk,Low Risk,0.09464030417436688
15105,Low Risk,Low Risk,0.05756401106858852
15138,Low Risk,Low Risk,0.021138426532853038
15143,Low Risk,Low Risk,0.024199605299328998
15300,Low Risk,Low Risk,0.1542368241276348
15353,Low Risk,Low Risk,0.07693012171530623
15360,Low Risk,Low Risk,0.23308322815676946
15439,Low Risk,Low Risk,0.0198049930994196
15477,Low Risk,Low Risk,0.02425096092469777
15527,Low Risk,Low Risk,0.0629374772286537
15531,Low Risk,Low Risk,0.32304276382221303
15536,Low Risk,Low Risk,0.1032851070448391
1556,High Risk,High Risk,0.8338775126662127
15574,Low Risk,Low Risk,0.12347791554566127
15583,Low Risk,Low Risk,0.10202314862287228
15592,Low Risk,Low Risk,0.1442669991230463
15641,Low Risk,Low Risk,0.024403610271715625
15734,Low Risk,Low Risk,0.08204550512811863
15744,Low Risk,Low Risk,0.026998503978534937
15806,Low Risk,Low Risk,0.020885943526651348
15837,Low Risk,Low Risk,0.009420704288809648
15880,Low Risk,Low Risk,0.04870979459563701
15935,Low Risk,Low Risk,0.0471958086123193
15951,Low Risk,Low Risk,0.08804516707247484
15955,Low Risk,Low Risk,0.15684087960210571
15975,Low Risk,Low Risk,0.013976523562436876
15989,Low Risk,Low Risk,0.27725150397597714
15992,Low Risk,Low Risk,0.07624241256728069
1602,Low Risk,Low Risk,0.011933506667726291
16138,Low Risk,Low Risk,0.029282638139564637
16248,Low Risk,Low Risk,0.022661143760867457
16350,Low Risk,Low Risk,0.2956894801291088
16377,Low Risk,Low Risk,0.08204550512811863
16499,Low Risk,Low Risk,0.006316998236090436
16562,Low Risk,Low Risk,0.05622674948350641
16613,Low Risk,Low Risk,0.04853172788372276
1669,High Risk,Low Risk,0.41005311012807893
16871,Low Risk,Low Risk,0.2669872596986841
16892,Low Risk,Low Risk,0.024199605299328998
16961,Low Risk,Low Risk,0.15374145414385001
17016,Low Risk,Low Risk,0.009393921313013514
1702,Low Risk,Low Risk,0.083816273351307
17026,Low Risk,Low Risk,0.04628555217139459
1705,High Risk,High Risk,0.6658157764801742
1713,Low Risk,Low Risk,0.16270908735063214
1717,Low Risk,Low Risk,0.07423192745902477
1722,Low Risk,Low Risk,0.2549949830644568
17343,Low Risk,Low Risk,0.056403644630741934
17370,High Risk,Low Risk,0.4672944301208918
17388,Low Risk,Low Risk,0.28241754442516703
1777,High Risk,Low Risk,0.14740832162064652
1787,Low Risk,Low Risk,0.006003556834263613
1804,Low Risk,Low Risk,0.08557239525305661
1820,Low Risk,Low Risk,0.1146096982896918
1865,High Risk,Low Risk,0.40955262740315057
1916,Low Risk,Low Risk,0.1608270749585854
1937,Low Risk,Low Risk,0.13714389445616748
1944,Low Risk,Low Risk,0.06059181172603135
1954,Low Risk,Low Risk,0.011634358320271631
1957,Low Risk,Low Risk,0.11296196680796236
